t	x	y	z
1352609864440	-2.7921712	1.7842655	9.575105
1352609865533	-5.271075	1.3892754	9.643207
1352609865554	-4.140586	1.7706453	12.026767
1352609865573	-3.9090397	3.0373375	12.898469
1352609865593	-3.1871614	3.8954194	12.843987
1352609865613	-1.6616824	3.9362805	13.416042
1352609865633	-0.16344418	3.568531	13.102775
1352609865653	0.3677494	4.30403	12.92571
1352609865673	0.20430522	5.407278	12.6669235
1352609865694	0.51757324	5.3800373	11.74074
1352609865714	1.1304889	4.8488436	10.869038
1352609865734	2.6423476	3.759216	9.697687
1352609865754	4.1542063	3.3506055	8.60806
1352609865775	4.862464	3.800077	7.1098213
1352609865795	4.8488436	4.235928	5.611583
1352609865815	5.1893525	4.1542063	3.7047346
1352609865835	3.8273177	4.3176503	2.3699405
1352609865855	2.6559677	4.5491962	0.8036005
1352609865875	2.0566726	6.0201936	0.14982383
1352609865895	0.5992953	6.6467295	-0.05448139
1352609865915	0.24516626	6.428804	-1.5118586
1352609865935	-0.313268	7.709117	-0.939804
1352609865956	-0.27240697	7.6273947	-0.3677494
1352609865976	-0.10896278	7.246025	0.027240695
1352609865996	0.61291564	7.286886	-0.027240695
1352609866016	1.5118586	7.641015	-0.027240695
1352609866037	2.2609777	9.289077	2.0430522
1352609866057	1.6480621	8.907707	3.5957718
1352609866078	1.6753027	8.676162	3.6774938
1352609866098	2.0158114	8.458236	3.445948
1352609866118	2.0430522	8.717023	3.4731886
1352609866138	2.547005	8.798744	3.840938
1352609866158	3.214402	8.335652	4.344891
1352609866179	3.8273177	7.7772183	4.930566
1352609866199	4.1269655	7.3958488	4.9986677
1352609866219	4.195067	7.327747	5.3527966
1352609866239	4.426613	7.600154	5.1212506
1352609866259	3.9771416	7.8861814	5.679685
1352609866280	3.8545585	7.7363577	5.5162406
1352609866300	4.0861044	7.477571	5.448139
1352609866320	4.385752	7.014479	4.9986677
1352609866340	5.1621118	7.0280995	4.6036777
1352609866360	6.0201936	5.802268	3.92266
1352609866381	5.992953	6.5650077	2.465283
1352609866401	4.195067	7.9679036	1.6616824
1352609866421	2.2745981	8.144968	7.286886
1352609866441	2.73769	7.668256	8.689782
1352609866462	3.7455957	7.681876	8.281172
1352609866482	3.9771416	7.9679036	7.3141265
1352609866502	3.7047346	7.600154	6.496906
1352609866522	3.3506055	7.4639506	6.1291566
1352609866542	2.969236	7.0553403	8.022385
1352609866564	2.73769	6.578628	7.641015
1352609866584	3.0237172	6.7148314	6.8782754
1352609866604	3.2007818	6.973618	6.605869
1352609866624	3.2416427	7.137062	5.175732
1352609866645	3.3097446	7.1915436	4.4947147
1352609866665	2.9283748	6.374323	6.3607025
1352609866685	2.1656353	7.096201	6.183638
1352609866705	1.0215261	8.19945	5.638824
1352609866726	0.027240695	8.362893	4.739881
1352609866748	0.46309182	7.9270425	4.031623
1352609866766	4.3312707	7.6954966	3.6093922
1352609866786	3.6774938	7.8180795	5.09401
1352609866807	2.7513103	7.5865335	4.903325
1352609866829	1.6344417	7.8998017	4.4129925
1352609866848	1.3756552	8.5944395	4.195067
1352609866867	1.4437568	8.512717	3.990762
1352609866887	1.7161638	8.60806	3.9499009
1352609866908	1.7706453	8.62168	3.7728362
1352609866928	1.7161638	8.894087	3.4323275
1352609866948	1.4437568	9.057531	3.255263
1352609866988	1.2803127	9.084772	3.3097446
1352609867005	1.5799603	8.921328	3.486809
1352609867025	1.8387469	8.948568	3.6638734
1352609867045	1.7025435	8.757884	3.7728362
1352609867065	1.5390993	8.717023	3.9499009
1352609867085	1.2394516	8.975809	3.92266
1352609867120	1.3075534	8.7034025	4.4538536
1352609867153	1.7434045	8.4854765	4.7535014
1352609867170	2.0566726	8.362893	4.535576
1352609867203	2.2064962	8.403754	4.344891
1352609867220	2.3426998	8.499097	4.1269655
1352609867252	2.3971813	8.580819	3.9635212
1352609867270	2.1247742	8.158588	3.8681788
1352609867290	2.4108016	8.158588	3.8545585
1352609867310	2.2201166	8.3765135	4.1269655
1352609867330	1.8251266	8.430995	4.4538536
1352609867350	1.607201	8.322033	4.739881
1352609867370	1.6208214	8.458236	4.7535014
1352609867390	1.6208214	8.580819	4.5491962
1352609867410	1.6616824	8.567199	4.576437
1352609867431	1.7025435	8.539958	4.6853995
1352609867451	1.920469	8.3765135	4.8760843
1352609867471	1.8659877	8.471856	4.7262607
1352609867491	1.879608	8.417375	4.671779
1352609867511	2.083913	8.185829	4.739881
1352609867532	2.0294318	8.308413	4.69902
1352609867551	1.9749504	8.526338	4.6445384
1352609867572	1.7434045	8.62168	4.3312707
1352609867591	1.96133	8.349273	4.4129925
1352609867612	2.1111538	8.349273	4.1814466
1352609867632	1.7025435	8.4854765	4.276789
1352609867652	1.5935807	8.539958	4.385752
1352609867672	1.7025435	8.3765135	4.3312707
1352609867692	1.6753027	8.322033	4.4810944
1352609867712	1.6616824	8.322033	4.7535014
1352609867733	1.5390993	8.362893	5.039529
1352609867753	1.4437568	8.444615	5.09401
1352609867773	1.5390993	8.539958	4.8760843
1352609867793	1.56634	8.580819	4.535576
1352609867814	1.607201	8.662541	4.30403
1352609867834	1.5799603	8.580819	4.0861044
1352609867853	1.5799603	8.567199	4.031623
1352609867873	1.4028958	8.771504	4.031623
1352609867894	1.3484144	8.717023	3.8681788
1352609867914	1.607201	8.785124	3.6911142
1352609867934	1.5527196	8.825985	3.6911142
1352609867954	1.4982382	8.934948	3.6093922
1352609867974	1.3211738	9.057531	3.6911142
1352609867995	1.1577295	9.139254	3.6774938
1352609868015	1.0896279	8.948568	3.6638734
1352609868035	1.2258313	8.921328	3.6911142
1352609868055	1.2258313	8.989429	3.881799
1352609868089	1.2258313	8.839605	4.0861044
1352609868095	1.3075534	8.825985	4.113345
1352609868116	1.4437568	8.921328	4.426613
1352609868140	1.5799603	8.894087	4.576437
1352609868159	1.7297841	8.3765135	5.053149
1352609868180	1.96133	8.253931	4.0861044
1352609868200	1.8659877	8.676162	4.113345
1352609868221	1.56634	8.825985	4.2223077
1352609868240	1.607201	8.825985	4.1269655
1352609868260	1.607201	8.7034025	4.0452433
1352609868280	1.4165162	8.471856	3.9635212
1352609868301	0.89894295	8.526338	3.8273177
1352609868321	0.13620348	9.343558	3.405087
1352609868341	0.14982383	10.092678	2.9556155
1352609868361	0.13620348	9.861132	2.9283748
1352609868381	0.43585113	9.602345	2.969236
1352609868401	0.7627395	9.316318	3.1871614
1352609868421	0.9942854	8.989429	3.445948
1352609868441	1.0896279	8.894087	3.718355
1352609868461	1.4437568	8.689782	3.7047346
1352609868481	1.4573772	8.825985	3.5004294
1352609868502	1.2803127	9.166494	3.1463003
1352609868522	1.1032481	9.329938	2.9283748
1352609868542	1.0487667	9.39804	2.9147544
1352609868562	1.2122109	9.329938	2.9419951
1352609868582	1.2803127	9.384419	3.1599207
1352609868602	1.1849703	9.425281	3.214402
1352609868622	0.939804	9.438901	3.336985
1352609868642	1.0760075	9.547864	3.214402
1352609868662	1.0896279	9.588725	2.8466527
1352609868682	1.293933	9.41166	2.4789033
1352609868703	1.6753027	9.220976	2.2882185
1352609868723	1.7434045	9.112013	2.152015
1352609868743	1.293933	9.220976	2.0430522
1352609868763	0.9670447	9.452521	1.7434045
1352609868783	0.8580819	9.643207	1.3484144
1352609868803	1.2122109	9.316318	1.2258313
1352609868823	1.7025435	9.193735	0.95342433
1352609868843	1.4982382	9.302697	0.29964766
1352609868863	1.2803127	9.493382	0.24516626
1352609868883	1.3892754	9.724928	0.20430522
1352609868904	1.5390993	9.520623	0.313268
1352609868924	1.1713499	9.384419	0.89894295
1352609868944	1.2258313	9.547864	0.939804
1352609868964	1.1577295	9.493382	0.8036005
1352609868984	1.3484144	9.043911	0.47671217
1352609869004	0.7763598	9.643207	2.6423476
1352609869024	1.6208214	9.929234	1.3484144
1352609869044	2.1247742	9.724928	0.7627395
1352609869065	2.8602731	9.316318	0.313268
1352609869084	2.192876	8.825985	-0.313268
1352609869105	2.0566726	8.3765135	-0.44947147
1352609869125	2.8057916	8.526338	-0.667397
1352609869145	2.7921712	8.4854765	-0.9942854
1352609869165	3.0645783	8.294792	-1.3211738
1352609869185	2.8057916	8.635301	-2.383561
1352609869206	3.0781987	8.7034025	-2.7513103
1352609869225	3.5549107	8.322033	-2.982856
1352609869245	4.8216033	7.7908387	-2.5742457
1352609869266	4.004382	6.905516	-2.6559677
1352609869286	2.669588	6.1563973	-4.3176503
1352609869306	3.0645783	5.448139	-5.3527966
1352609869326	2.669588	4.862464	-4.930566
1352609869346	2.4516625	4.6853995	-4.30403
1352609869366	2.2609777	4.671779	-5.1621118
1352609869386	3.1599207	4.739881	-6.3198414
1352609869406	3.8954194	4.767122	-5.6933055
1352609869426	4.7262607	4.4538536	-4.862464
1352609869447	5.1212506	4.630918	-4.862464
1352609869467	5.7341666	4.807983	-5.7886477
1352609869487	6.6875906	4.5491962	-6.2517395
1352609869507	7.3141265	3.6774938	-5.9248514
1352609869527	7.1506824	3.5957718	-5.8567495
1352609869547	7.504812	3.3097446	-6.510526
1352609869567	7.709117	3.0373375	-6.619489
1352609869588	8.144968	1.96133	-6.701211
1352609869608	7.8998017	1.6208214	-6.5650077
1352609869628	8.580819	1.7161638	-7.3141265
1352609869648	8.771504	1.334794	-8.21307
1352609869668	7.995144	0.8036005	-8.757884
1352609869688	7.5320525	0.19068487	-8.580819
1352609869708	7.6137743	0.38136974	-8.21307
1352609869728	8.294792	0.27240697	-8.19945
1352609869748	8.022385	0.58567494	-8.580819
1352609869768	7.3958488	0.2860273	-8.60806
1352609869788	6.8374147	0.06810174	-7.8180795
1352609869809	7.0553403	0.06810174	-6.851035
1352609869829	7.137062	0.12258313	-6.932757
1352609869849	6.9872384	0.2860273	-7.1506824
1352609869869	7.0280995	0.2860273	-7.327747
1352609869889	6.9191365	0.08172209	-6.9872384
1352609869909	6.510526	-0.2860273	-6.864655
1352609869929	6.3198414	-0.47671217	-6.8782754
1352609869949	5.938472	-0.5720546	-7.1234417
1352609869969	5.8839903	-0.61291564	-6.905516
1352609869989	6.142777	-0.7763598	-6.1563973
1352609870010	5.6933055	-0.5720546	-6.0201936
1352609870030	5.570722	-0.27240697	-6.115536
1352609870050	5.802268	-0.05448139	-6.510526
1352609870070	6.26536	0.3677494	-6.033814
1352609870090	6.2926006	0.42223078	-6.2789803
1352609870110	6.3198414	0.47671217	-6.2789803
1352609870130	6.3198414	0.5992953	-6.537767
1352609870150	6.197258	0.5720546	-6.851035
1352609870170	6.306221	0.6537767	-6.6875906
1352609870190	6.7284517	0.9125633	-6.6467295
1352609870210	6.9872384	0.980665	-6.9599977
1352609870231	6.8374147	0.8580819	-7.1234417
1352609870251	6.67397	0.7082581	-6.9872384
1352609870271	6.810174	0.7627395	-6.742072
1352609870291	6.9599977	0.8036005	-6.537767
1352609870311	7.0280995	0.8036005	-6.4832854
1352609870331	6.891896	0.47671217	-7.082581
1352609870351	6.7284517	0.40861043	-7.246025
1352609870371	6.6467295	0.3405087	-7.1506824
1352609870391	6.7284517	0.47671217	-7.1506824
1352609870411	6.864655	0.61291564	-7.1915436
1352609870432	6.742072	0.53119355	-7.3005066
1352609870452	6.578628	0.51757324	-7.246025
1352609870474	6.2244987	0.4903325	-7.1234417
1352609870493	6.0474343	0.44947147	-7.096201
1352609870513	6.26536	0.6401563	-7.014479
1352609870533	6.4832854	0.7082581	-7.2324047
1352609870554	6.4151835	0.6537767	-7.3549876
1352609870574	6.2244987	0.61291564	-7.000859
1352609870595	6.0201936	0.6401563	-6.9463773
1352609870615	6.033814	0.7354988	-6.9191365
1352609870635	6.2517395	0.8308412	-6.973618
1352609870656	6.2108784	0.7627395	-7.246025
1352609870675	6.1563973	0.667397	-7.2187843
1352609870695	6.183638	0.6946377	-7.04172
1352609870716	6.0882955	0.7763598	-7.0280995
1352609870739	6.2108784	0.88532263	-6.9599977
1352609870757	6.238119	0.84446156	-7.1506824
1352609870776	6.0201936	0.667397	-7.327747
1352609870797	5.911231	0.55843425	-7.286886
1352609870817	6.0882955	0.6537767	-7.096201
1352609870839	6.2244987	0.6401563	-7.096201
1352609870857	6.101916	0.667397	-7.273266
1352609870878	6.1700177	0.6401563	-7.3549876
1352609870898	6.1291566	0.7082581	-7.3141265
1352609870918	6.1563973	0.7354988	-7.246025
1352609870938	6.1563973	0.6810174	-7.1506824
1352609870958	6.0610547	0.7218784	-7.137062
1352609870979	6.1291566	0.7627395	-7.082581
1352609871001	6.0882955	0.8308412	-7.3005066
1352609871020	6.0882955	0.81722087	-7.3413672
1352609871040	6.1291566	0.7082581	-7.2187843
1352609871059	6.1291566	0.7082581	-6.973618
1352609871080	6.074675	0.7354988	-6.9463773
1352609871100	6.006573	0.7491191	-7.000859
1352609871120	6.033814	0.7491191	-6.932757
1352609871141	6.0474343	0.7354988	-7.0553403
1352609871160	6.101916	0.7354988	-7.0553403
1352609871181	6.142777	0.6946377	-7.177923
1352609871201	6.1700177	0.6946377	-7.164303
1352609871223	6.2244987	0.626536	-7.2187843
1352609871244	6.2244987	0.61291564	-7.205164
1352609871262	6.2517395	0.6401563	-7.205164
1352609871282	6.2517395	0.5992953	-7.273266
1352609871302	6.2244987	0.61291564	-7.2596455
1352609871322	6.2108784	0.6401563	-7.2187843
1352609871342	6.183638	0.6401563	-7.368608
1352609871363	6.2244987	0.61291564	-7.4230895
1352609871385	6.2789803	0.5992953	-7.3141265
1352609871404	6.2244987	0.6401563	-7.205164
1352609871424	6.2517395	0.6946377	-7.1098213
1352609871444	6.2108784	0.6946377	-7.1915436
1352609871464	6.1700177	0.7627395	-7.1915436
1352609871484	6.1563973	0.8036005	-7.246025
1352609871504	6.0882955	0.7763598	-7.164303
1352609871524	6.0882955	0.7218784	-7.096201
1352609871545	6.033814	0.667397	-7.164303
1352609871565	5.992953	0.58567494	-7.3005066
1352609871591	6.142777	0.7082581	-7.2187843
1352609871611	6.1563973	0.7082581	-7.1234417
1352609871634	6.183638	0.6810174	-7.1915436
1352609871653	6.142777	0.6946377	-7.286886
1352609871672	6.142777	0.7354988	-7.2324047
1352609871692	6.26536	0.81722087	-7.286886
1352609871712	6.3198414	0.88532263	-7.286886
1352609871733	6.2517395	0.89894295	-7.273266
1352609871753	6.2244987	0.89894295	-7.327747
1352609871773	6.2789803	0.92618364	-7.0553403
1352609871793	6.3198414	0.9942854	-6.9463773
1352609871814	6.2789803	1.0487667	-6.864655
1352609871836	6.2517395	1.0351465	-6.905516
1352609871856	6.238119	1.1032481	-6.9599977
1352609871874	6.183638	1.0487667	-6.8237944
1352609871894	6.1700177	1.1168685	-6.7965536
1352609871915	6.2789803	1.1713499	-6.7965536
1352609871935	6.3198414	1.2258313	-6.8237944
1352609871955	6.2517395	1.1849703	-6.769313
1352609871975	6.2244987	1.1713499	-6.7148314
1352609871995	6.2517395	1.1849703	-6.8374147
1352609872017	6.26536	1.1577295	-7.164303
1352609872038	6.347082	1.1713499	-7.1234417
1352609872058	6.3198414	1.1849703	-6.905516
1352609872082	6.2789803	1.2258313	-6.8374147
1352609872096	6.4151835	1.293933	-6.701211
1352609872116	6.347082	1.3211738	-6.7148314
1352609872136	6.4151835	1.3484144	-6.810174
1352609872156	6.4832854	1.3211738	-6.810174
1352609872177	6.26536	1.2394516	-6.742072
1352609872197	6.2789803	1.1849703	-6.9463773
1352609872244	6.3607025	1.1849703	-7.1098213
1352609872244	6.2789803	1.2122109	-7.137062
1352609872312	6.4015636	1.2122109	-7.0689607
1352609872313	6.510526	1.3484144	-7.0553403
1352609872313	6.4832854	1.3075534	-7.0553403
1352609872318	6.4015636	1.1849703	-6.905516
1352609872342	6.2789803	1.1168685	-6.932757
1352609872362	6.510526	1.1304889	-7.2596455
1352609872382	6.8374147	1.3211738	-7.6546354
1352609872402	7.082581	1.4709976	-8.104107
1352609872423	7.0280995	1.6208214	-8.172209
1352609872442	7.1234417	1.7842655	-8.185829
1352609872462	7.409469	1.9340894	-8.866846
1352609872483	7.7908387	2.1247742	-9.316318
1352609872503	7.804459	2.3290794	-9.479762
1352609872523	7.709117	2.3971813	-9.643207
1352609872543	7.709117	2.4789033	-9.738548
1352609872564	7.763598	2.5333846	-9.738548
1352609872585	7.6954966	2.669588	-9.861132
1352609872605	7.43671	2.5333846	-10.378705
1352609872625	7.164303	2.4516625	-10.54215
1352609872645	6.932757	2.3290794	-10.487668
1352609872666	6.5650077	2.4380422	-10.337844
1352609872686	6.101916	2.6968288	-9.901993
1352609872708	5.706926	3.0645783	-9.561484
1352609872727	5.2574544	3.3778462	-9.030291
1352609872749	4.508335	3.6093922	-7.9679036
1352609872769	3.7319753	3.7728362	-7.3822284
1352609872787	3.1599207	4.0861044	-7.3413672
1352609872809	2.506144	4.235928	-7.000859
1352609872830	1.4709976	4.1542063	-6.4424243
1352609872849	0.46309182	4.3312707	-5.7341666
1352609872869	-0.667397	4.467474	-5.6933055
1352609872889	-1.3211738	4.5491962	-5.706926
1352609872910	-2.152015	4.4129925	-5.8839903
1352609872930	-2.901134	4.1542063	-5.4890003
1352609872950	-3.4595683	3.8681788	-4.1269655
1352609872971	-4.235928	3.7728362	-3.214402
1352609872993	-4.971427	3.7864566	-2.819412
1352609873012	-5.611583	3.8681788	-2.4108016
1352609873032	-6.183638	4.0588636	-2.2201166
1352609873052	-6.932757	3.9090397	-2.315459
1352609873073	-7.0689607	3.9635212	-2.465283
1352609873093	-7.7772183	3.7047346	-2.3971813
1352609873113	-8.117727	3.8273177	-1.7978859
1352609873134	-8.022385	3.8954194	-1.4301366
1352609873156	-7.995144	3.7728362	-1.3211738
1352609873174	-8.267551	3.4187074	-1.1304889
1352609873241	-9.602345	2.9283748	0.35412905
1352609873264	-9.833891	2.6423476	1.4437568
1352609873280	-10.283362	2.4108016	2.506144
1352609873300	-10.637491	2.4789033	2.4244218
1352609873320	-10.59663	2.9283748	2.083913
1352609873340	-10.2152605	3.3097446	1.8932283
1352609873389	-9.765789	3.800077	1.4709976
1352609873389	-9.302697	4.263169	0.43585113
1352609873400	-8.635301	4.7126403	-0.7899802
1352609873421	-7.981524	4.903325	-1.5390993
1352609873440	-7.8998017	4.767122	-1.8387469
1352609873461	-7.763598	4.576437	-2.315459
1352609873481	-7.327747	4.440233	-2.9556155
1352609873501	-6.8782754	4.4129925	-3.7728362
1352609873521	-6.5513873	4.3312707	-4.6036777
1352609873541	-6.306221	4.2223077	-4.5900574
1352609873561	-6.1291566	4.004382	-4.1814466
1352609873582	-5.938472	3.8681788	-3.6638734
1352609873603	-5.5434813	3.6502533	-3.3233647
1352609873623	-4.862464	3.568531	-3.5004294
1352609873643	-4.2495484	3.3778462	-3.881799
1352609873664	-3.5004294	3.2961242	-4.4129925
1352609873684	-2.6423476	3.1190596	-4.6036777
1352609873705	-2.2473574	2.6151068	-4.385752
1352609873724	-1.5118586	2.315459	-4.630918
1352609873744	-0.313268	2.3699405	-6.115536
1352609873766	0.8036005	2.547005	-7.995144
1352609873786	1.2394516	2.4108016	-8.853226
1352609873806	1.2122109	1.607201	-7.981524
1352609873826	1.1577295	0.8580819	-6.537767
1352609873846	2.2201166	0.7218784	-7.995144
1352609873866	3.4731886	1.1441092	-9.847511
1352609873887	3.8681788	1.0623871	-10.54215
1352609873907	3.8545585	0.7218784	-9.534244
1352609873927	3.92266	0.50395286	-8.825985
1352609873947	4.69902	0.667397	-9.479762
1352609873969	5.3800373	0.92618364	-9.888372
1352609873991	5.87037	1.1304889	-10.474048
1352609874010	6.142777	1.0351465	-11.3321295
1352609874030	6.197258	0.92618364	-11.086963
1352609874050	6.1700177	1.0079057	-10.269742
1352609874071	6.6331096	1.0215261	-10.051817
1352609874091	6.851035	0.8036005	-11.141444
1352609874119	6.4015636	0.6946377	-12.122109
1352609874143	6.8374147	0.9125633	-12.258313
1352609874151	6.891896	0.8308412	-12.312795
1352609874170	6.973618	0.8308412	-12.4489975
1352609874191	6.9599977	0.9942854	-12.462618
1352609874211	6.67397	1.0079057	-12.299174
1352609874231	6.2789803	0.9942854	-11.836082
1352609874274	6.2244987	1.1032481	-11.250407
1352609874316	6.1563973	1.484618	-10.256122
1352609874316	5.911231	1.4573772	-10.079058
1352609874333	5.6933055	1.3620348	-9.615966
1352609874353	5.597963	1.334794	-9.343558
1352609874374	5.3936577	1.2666923	-9.588725
1352609874394	5.1484914	1.2666923	-9.901993
1352609874414	4.8760843	1.1577295	-10.351464
1352609874434	4.6445384	1.1849703	-10.378705
1352609874454	4.508335	1.2394516	-10.61025
1352609874475	4.2086873	1.3484144	-11.086963
1352609874495	4.031623	1.4165162	-11.34575
1352609874515	3.568531	1.4301366	-11.277648
1352609874537	3.3642259	1.6208214	-11.141444
1352609874556	3.1871614	1.7161638	-10.896278
1352609874576	2.7785509	1.6208214	-9.970095
1352609874597	2.1383946	1.6480621	-9.125633
1352609874617	1.334794	1.879608	-8.798744
1352609874637	0.9670447	2.152015	-8.825985
1352609874657	0.3677494	2.3018389	-8.499097
1352609874678	-0.095342435	2.506144	-8.063246
1352609874698	-0.8580819	2.4925237	-7.600154
1352609874718	-1.7706453	2.587866	-7.1506824
1352609874739	-2.1383946	2.587866	-6.9463773
1352609874759	-2.547005	2.6423476	-6.537767
1352609874780	-3.1599207	2.547005	-5.6933055
1352609874799	-3.6502533	2.547005	-5.3527966
1352609874819	-4.167826	2.4516625	-4.9986677
1352609874839	-4.671779	2.3563201	-4.535576
1352609874860	-5.039529	2.2609777	-3.8681788
1352609874880	-5.5162406	2.3699405	-2.7513103
1352609874900	-5.8976107	2.4108016	-2.2473574
1352609874921	-6.4560447	2.3290794	-1.4028958
1352609874943	-7.273266	2.152015	-0.47671217
1352609874962	-7.8589406	1.9340894	0.3949901
1352609874982	-8.390134	1.7706453	1.2122109
1352609875002	-8.7034025	1.7025435	1.4437568
1352609875023	-9.2073555	1.4165162	1.6753027
1352609875044	-10.010956	1.1168685	1.4982382
1352609875063	-9.901993	1.253072	2.8330324
1352609875085	-10.079058	1.4165162	3.8681788
1352609875109	-10.174399	1.6753027	4.7535014
1352609875124	-10.3242235	1.8932283	4.440233
1352609875144	-10.2152605	2.2201166	4.031623
1352609875192	-9.738548	2.8602731	3.445948
1352609875220	-9.438901	2.9556155	3.1871614
1352609875220	-9.0983925	2.982856	2.669588
1352609875235	-8.648921	3.0237172	1.7842655
1352609875256	-8.158588	2.982856	0.313268
1352609875276	-7.913422	2.7921712	-0.939804
1352609875296	-7.504812	2.3699405	-1.4437568
1352609875316	-7.0280995	2.0566726	-0.81722087
1352609875336	-6.1563973	1.9340894	-1.2258313
1352609875357	-5.3119354	1.7706453	-2.6423476
1352609875377	-4.9169455	1.5118586	-4.1814466
1352609875397	-4.630918	1.1713499	-4.9169455
1352609875418	-4.0861044	1.1577295	-5.3527966
1352609875437	-3.214402	1.0760075	-5.938472
1352609875457	-2.7649305	0.84446156	-6.782933
1352609875478	-2.0975335	0.8580819	-7.286886
1352609875499	-1.4165162	0.81722087	-7.572913
1352609875519	-0.8308412	0.7763598	-7.8180795
1352609875539	0.2860273	0.7763598	-7.749978
1352609875562	0.92618364	0.7082581	-7.286886
1352609875579	1.1985906	0.3677494	-7.000859
1352609875601	1.8659877	0.08172209	-7.804459
1352609875620	2.669588	0.08172209	-9.248216
1352609875642	3.2825038	-0.027240695	-9.643207
1352609875660	4.0452433	-0.05448139	-9.125633
1352609875680	4.4538536	-0.313268	-8.948568
1352609875701	4.7943625	-0.38136974	-8.866846
1352609875721	5.366417	-0.3677494	-9.248216
1352609875741	6.1291566	-0.3949901	-9.956474
1352609875761	6.5922484	-0.24516626	-9.956474
1352609875781	7.1506824	-0.19068487	-10.133538
1352609875805	7.477571	-0.20430522	-10.869038
1352609875825	7.763598	-0.19068487	-12.054008
1352609875844	7.940663	0.50395286	-13.048293
1352609875872	7.913422	-0.47671217	-16.08563
1352609875895	7.572913	-0.81722087	-17.720072
1352609875904	7.7363577	-1.0760075	-17.066296
1352609875923	7.477571	-1.4709976	-14.669114
1352609875944	7.014479	-1.7161638	-11.917805
1352609875964	6.2517395	-1.4709976	-10.20164
1352609875984	6.0882955	-1.0760075	-10.065437
1352609876004	6.115536	-0.7899802	-10.487668
1352609876024	6.0201936	-0.6537767	-10.9371395
1352609876050	5.8976107	-0.667397	-10.705593
1352609876064	5.7477865	-0.7082581	-9.929234
1352609876084	5.3800373	-0.81722087	-9.80665
1352609876105	5.1484914	-0.9670447	-10.61025
1352609876125	5.284695	-0.89894295	-11.727119
1352609876145	5.284695	-1.0623871	-12.14935
1352609876165	5.053149	-1.0487667	-12.190211
1352609876186	4.780742	-1.0487667	-12.054008
1352609876209	4.6445384	-0.9125633	-11.413852
1352609876231	4.5219555	-0.7082581	-11.059722
1352609876247	4.1269655	-0.54481393	-10.651112
1352609876267	3.4731886	-0.40861043	-10.024576
1352609876287	2.9419951	-0.23154591	-9.384419
1352609876307	2.2609777	0.14982383	-8.717023
1352609876328	1.6208214	0.3677494	-8.063246
1352609876348	0.8036005	0.5992953	-7.763598
1352609876368	-0.14982383	0.92618364	-7.7227373
1352609876388	-0.8308412	1.3211738	-7.709117
1352609876409	-1.5118586	1.5935807	-7.913422
1352609876428	-1.96133	1.7434045	-7.9270425
1352609876449	-2.4516625	1.7161638	-7.559293
1352609876469	-3.0237172	1.8251266	-6.619489
1352609876489	-3.8136973	2.1383946	-5.679685
1352609876509	-4.3312707	2.0566726	-5.3527966
1352609876529	-4.6853995	2.002191	-5.3800373
1352609876550	-4.9850473	1.9885708	-5.3119354
1352609876571	-5.3119354	2.1111538	-4.4810944
1352609876591	-6.142777	1.9885708	-2.9419951
1352609876610	-6.1291566	2.1656353	-1.7706453
1352609876631	-5.761407	2.152015	-1.6616824
1352609876651	-6.4151835	2.1792557	-1.3620348
1352609876671	-7.04172	1.96133	-0.095342435
1352609876691	-7.804459	1.6344417	1.4573772
1352609876712	-8.471856	1.3211738	3.336985
1352609876732	-8.962189	1.2122109	4.535576
1352609876754	-9.670447	1.5118586	4.767122
1352609876772	-9.370799	1.7706453	4.344891
1352609876801	-9.534244	1.7706453	5.012288
1352609876812	-9.861132	1.6480621	6.67397
1352609876832	-10.3242235	1.4437568	7.5456724
1352609876852	-10.18802	1.6616824	7.1506824
1352609876878	-9.643207	2.0294318	6.0610547
1352609876899	-9.220976	2.315459	4.9986677
1352609876912	-9.0983925	2.3563201	4.2904096
1352609876932	-9.166494	2.083913	3.9635212
1352609876952	-9.193735	1.8251266	3.445948
1352609876973	-8.403754	2.083913	1.7706453
1352609876993	-7.205164	2.4925237	-0.35412905
1352609877014	-7.1915436	2.3699405	-1.5799603
1352609877033	-7.763598	1.7706453	-1.5390993
1352609877054	-7.641015	1.5118586	-1.4437568
1352609877074	-6.347082	1.7706453	-2.8057916
1352609877094	-5.4208984	2.0294318	-4.739881
1352609877116	-5.284695	1.6753027	-5.2165933
1352609877137	-5.5162406	1.0215261	-3.7319753
1352609877156	-4.9169455	0.89894295	-2.7104492
1352609877176	-3.1190596	1.2122109	-4.440233
1352609877196	-1.5390993	1.5799603	-7.600154
1352609877217	-1.6480621	1.2803127	-8.853226
1352609877236	-2.2882185	0.7354988	-7.5456724
1352609877257	-0.095342435	0.7082581	-7.3549876
1352609877278	1.0215261	0.8580819	-9.711308
1352609877298	1.3211738	0.7354988	-10.882658
1352609877318	1.1713499	0.3405087	-9.929234
1352609877338	1.1713499	0.08172209	-8.117727
1352609877358	2.6014864	0.35412905	-8.049625
1352609877380	4.1542063	0.46309182	-9.874752
1352609877399	4.508335	0.313268	-11.086963
1352609877419	4.508335	0.040861044	-10.896278
1352609877439	4.6036777	-0.095342435	-9.357179
1352609877460	5.843129	0.27240697	-8.648921
1352609877480	6.3334618	0.3949901	-9.643207
1352609877500	5.87037	0.12258313	-10.56939
1352609877521	6.101916	-0.38136974	-10.705593
1352609877543	6.496906	-0.7627395	-10.773695
1352609877561	6.9463773	-0.980665	-12.217452
1352609877582	7.3822284	-0.8580819	-12.612442
1352609877602	8.744264	-0.47671217	-12.571581
1352609877640	8.335652	-0.54481393	-12.489859
1352609877642	7.9270425	-0.84446156	-12.258313
1352609877662	7.4911914	-0.9942854	-11.767981
1352609877682	7.3958488	-0.7627395	-11.618156
1352609877702	7.3822284	-0.32688835	-11.481953
1352609877722	7.3141265	-0.06810174	-10.923519
1352609877761	7.1098213	0.05448139	-10.351464
1352609877801	6.67397	0.095342435	-10.228881
1352609877802	6.5922484	0.313268	-10.051817
1352609877804	6.701211	0.44947147	-9.765789
1352609877825	6.3198414	0.3949901	-9.656827
1352609877845	6.0201936	0.21792556	-10.119919
1352609877865	5.9248514	0.095342435	-10.896278
1352609877885	6.0474343	0.19068487	-11.509193
1352609877905	6.0201936	0.17706452	-11.876944
1352609877927	5.5843425	0.05448139	-11.563675
1352609877945	5.039529	-0.027240695	-11.086963
1352609877966	4.4947147	0.040861044	-10.787315
1352609877986	4.276789	0.29964766	-10.651112
1352609878006	4.1269655	0.40861043	-10.242501
1352609878026	3.1871614	0.38136974	-9.289077
1352609878046	2.0294318	0.4903325	-8.4854765
1352609878067	1.2258313	0.5992953	-8.335652
1352609878089	0.44947147	0.87170225	-8.131348
1352609878107	0.21792556	0.87170225	-8.294792
1352609878127	-0.9942854	0.8580819	-7.940663
1352609878148	-2.1247742	0.8036005	-7.1098213
1352609878168	-2.7649305	1.1577295	-6.7148314
1352609878188	-2.8330324	1.8659877	-6.769313
1352609878208	-2.982856	1.9885708	-6.8237944
1352609878228	-3.8681788	1.7706453	-6.1563973
1352609878257	-4.5900574	1.607201	-5.325556
1352609878276	-5.012288	1.7025435	-4.8760843
1352609878288	-4.944186	1.8659877	-5.0259085
1352609878308	-5.134871	1.8387469	-5.1212506
1352609878328	-5.6660647	1.5527196	-4.440233
1352609878348	-6.2244987	1.1849703	-3.2007818
1352609878368	-6.374323	1.2258313	-2.1247742
1352609878389	-6.1291566	1.4709976	-1.6344417
1352609878408	-6.3198414	1.484618	-1.2258313
1352609878429	-7.137062	1.0351465	-0.05448139
1352609878449	-8.063246	0.54481393	1.1985906
1352609878469	-8.7034025	0.19068487	1.7706453
1352609878489	-9.302697	0.19068487	1.96133
1352609878510	-9.874752	-0.20430522	2.2201166
1352609878530	-10.283362	-0.44947147	3.0373375
1352609878551	-10.896278	-0.50395286	4.399372
1352609878571	-10.991621	-0.47671217	6.578628
1352609878607	-10.55577	0.013620348	7.5456724
1352609878610	-10.433187	0.6401563	7.014479
1352609878630	-10.20164	1.1985906	6.0882955
1352609878659	-10.228881	1.4709976	5.3119354
1352609878683	-10.065437	1.6208214	4.7126403
1352609878720	-9.929234	1.7025435	4.399372
1352609878720	-9.643207	1.8659877	3.990762
1352609878738	-9.01667	2.0566726	2.8738933
1352609878758	-8.471856	2.1792557	1.1713499
1352609878778	-8.349273	1.96133	-0.24516626
1352609878798	-8.3765135	1.6480621	-0.50395286
1352609878820	-8.076866	1.3892754	-0.7491191
1352609878839	-7.954283	1.2803127	-0.7491191
1352609878860	-6.864655	1.525479	-2.7649305
1352609878880	-6.2244987	1.3892754	-2.4516625
1352609878901	-5.911231	1.1168685	-2.4789033
1352609878920	-4.8488436	1.253072	-3.5140498
1352609878940	-3.718355	1.6344417	-5.09401
1352609878974	-2.982856	1.7570249	-5.8976107
1352609879002	-2.8602731	1.1577295	-6.3198414
1352609879022	-1.8659877	1.4982382	-7.6546354
1352609879042	-0.47671217	1.9068487	-9.193735
1352609879062	-0.44947147	1.6344417	-9.275456
1352609879083	-0.92618364	1.0896279	-8.158588
1352609879103	-0.2860273	0.89894295	-8.3765135
1352609879123	1.0351465	1.2258313	-9.738548
1352609879143	1.7297841	1.1985906	-11.34575
1352609879163	1.4437568	0.8308412	-10.55577
1352609879184	1.3211738	0.58567494	-8.281172
1352609879204	2.4789033	0.50395286	-7.7908387
1352609879225	3.5549107	0.7491191	-9.425281
1352609879245	3.881799	0.92618364	-11.223166
1352609879264	3.9499009	0.87170225	-11.400231
1352609879287	3.8681788	0.667397	-10.446807
1352609879308	4.344891	0.84446156	-9.00305
1352609879330	4.807983	0.8036005	-9.152874
1352609879349	5.0803895	0.95342433	-10.092678
1352609879369	5.4208984	0.88532263	-10.732834
1352609879389	5.611583	0.8580819	-11.35937
1352609879410	5.8567495	0.88532263	-11.999526
1352609879431	5.952092	0.95342433	-12.367276
1352609879455	6.5922484	0.9942854	-12.980191
1352609879480	6.701211	0.8308412	-14.042579
1352609879490	6.578628	0.92618364	-14.641873
1352609879510	6.3334618	0.939804	-13.647589
1352609879535	6.0882955	1.1168685	-12.843987
1352609879552	6.074675	1.4028958	-12.803127
1352609879570	6.2244987	1.6753027	-12.694164
1352609879591	5.9248514	1.6889231	-11.876944
1352609879611	5.5162406	1.6344417	-10.8281765
1352609879632	5.366417	1.7025435	-10.079058
1352609879651	5.2574544	1.8115063	-10.433187
1352609879671	5.2165933	1.607201	-10.978001
1352609879691	4.7535014	1.3756552	-10.691973
1352609879715	4.2495484	1.2122109	-10.18802
1352609879732	3.8681788	1.1849703	-10.242501
1352609879753	3.5957718	1.2258313	-10.433187
1352609879773	3.1190596	1.1577295	-10.514909
1352609879793	2.6151068	1.0896279	-10.365085
1352609879813	2.2201166	1.1577295	-10.119919
1352609879834	1.8387469	1.1577295	-9.629586
1352609879854	1.0623871	1.1032481	-8.948568
1352609879876	0.43585113	1.0623871	-8.567199
1352609879894	-0.16344418	1.1577295	-8.349273
1352609879915	-0.92618364	1.253072	-8.390134
1352609879935	-1.5527196	1.1168685	-7.8998017
1352609879955	-2.315459	0.9942854	-7.3141265
1352609879975	-2.8330324	0.9670447	-7.3822284
1352609879995	-3.3914666	0.9670447	-7.5865335
1352609880027	-4.4129925	0.939804	-6.5241466
1352609880051	-4.671779	0.7491191	-6.115536
1352609880085	-5.284695	0.61291564	-4.767122
1352609880107	-5.448139	0.6810174	-4.0452433
1352609880127	-5.7886477	0.58567494	-3.759216
1352609880147	-6.428804	0.54481393	-3.1871614
1352609880167	-6.701211	0.2860273	-2.3426998
1352609880187	-7.014479	0.12258313	-1.2803127
1352609880207	-7.3549876	0.013620348	-0.38136974
1352609880227	-7.504812	0.013620348	0.40861043
1352609880247	-7.84532	-0.027240695	1.6753027
1352609880267	-8.539958	-0.14982383	3.050958
1352609880287	-8.975809	-0.20430522	3.800077
1352609880307	-9.289077	-0.32688835	3.8954194
1352609880330	-9.901993	-0.5992953	4.440233
1352609880351	-11.318509	-0.8036005	5.053149
1352609880370	-10.732834	-0.61291564	5.3936577
1352609880408	-10.378705	-0.38136974	6.1291566
1352609880411	-10.228881	-0.24516626	6.7556925
1352609880449	-9.752169	0.23154591	6.3334618
1352609880465	-9.248216	0.667397	5.2574544
1352609880490	-8.757884	1.0215261	3.7319753
1352609880516	-8.444615	1.1168685	2.819412
1352609880525	-8.21307	1.1577295	2.2473574
1352609880545	-7.872561	1.1849703	1.1849703
1352609880566	-7.0553403	1.253072	0.14982383
1352609880586	-6.7556925	1.3620348	-0.27240697
1352609880606	-6.3334618	1.4709976	-1.0487667
1352609880626	-5.7205462	1.6753027	-2.73769
1352609880646	-5.053149	2.0294318	-4.344891
1352609880667	-4.671779	2.2882185	-5.3527966
1352609880689	-4.3176503	2.3018389	-6.1291566
1352609880708	-4.1269655	2.1111538	-6.742072
1352609880728	-3.7455957	2.0975335	-7.5865335
1352609880748	-3.0237172	2.2201166	-7.872561
1352609880768	-2.6968288	2.0430522	-7.8317
1352609880789	-2.5742457	1.6889231	-8.417375
1352609880809	-2.152015	1.5799603	-8.921328
1352609880829	-1.7706453	1.484618	-8.471856
1352609880850	-1.0760075	1.5527196	-8.049625
1352609880869	-0.43585113	1.484618	-8.294792
1352609880891	-0.43585113	1.334794	-8.662541
1352609880910	0.3949901	1.1985906	-8.962189
1352609880931	0.9942854	1.1849703	-9.084772
1352609880951	1.8387469	1.253072	-9.071152
1352609880971	2.315459	1.1032481	-9.180115
1352609880991	2.7649305	1.0760075	-9.234595
1352609881012	3.2280223	1.1304889	-9.316318
1352609881033	3.9635212	1.1304889	-9.615966
1352609881052	4.235928	1.0079057	-10.514909
1352609881073	4.4538536	0.6810174	-11.590916
1352609881095	4.5219555	0.8308412	-12.408136
1352609881114	4.9850473	0.9125633	-12.707785
1352609881133	5.3527966	0.8036005	-13.34794
1352609881154	4.426613	0.54481393	-15.036864
1352609881174	4.780742	0.8036005	-16.017529
1352609881196	5.679685	1.1849703	-16.276316
1352609881213	5.284695	0.9942854	-15.799603
1352609881234	4.671779	0.51757324	-14.423948
1352609881253	3.9362805	0.47671217	-13.184497
1352609881273	3.7047346	0.6810174	-12.6669235
1352609881293	3.8954194	1.0896279	-12.435377
1352609881314	4.2495484	1.4028958	-11.958665
1352609881351	3.9635212	1.4301366	-11.536434
1352609881400	3.4731886	1.2803127	-11.236787
1352609881400	3.1190596	1.1849703	-11.114203
1352609881400	3.0237172	1.1441092	-11.114203
1352609881418	3.0100968	1.1304889	-11.250407
1352609881441	2.7240696	1.1168685	-11.659018
1352609881462	2.5197644	0.939804	-11.958665
1352609881482	2.2882185	0.51757324	-11.890564
1352609881502	2.0158114	0.43585113	-11.495573
1352609881524	1.56634	0.3405087	-10.923519
1352609881543	1.0623871	0.47671217	-10.119919
1352609881563	0.7082581	0.55843425	-9.193735
1352609881594	0.12258313	0.6537767	-8.512717
1352609881605	-0.19068487	0.6810174	-8.22669
1352609881625	-2.192876	0.667397	-7.3413672
1352609881645	-2.7104492	0.5720546	-6.7965536
1352609881665	-3.0781987	0.667397	-6.374323
1352609881687	-3.3778462	0.8036005	-6.0201936
1352609881705	-4.031623	0.84446156	-5.570722
1352609881726	-4.8897047	0.87170225	-4.8897047
1352609881746	-5.407278	0.8580819	-4.69902
1352609881766	-5.965712	1.0215261	-4.739881
1352609881786	-6.347082	1.1577295	-4.9986677
1352609881806	-6.4151835	1.4028958	-5.012288
1352609881827	-6.374323	1.6753027	-4.344891
1352609881848	-6.4832854	1.6753027	-3.3097446
1352609881867	-6.932757	1.525479	-2.587866
1352609881887	-7.327747	1.3756552	-1.96133
1352609881908	-7.477571	1.3484144	-1.1713499
1352609881930	-7.368608	1.3484144	-0.16344418
1352609881949	-7.518432	1.3075534	0.7899802
1352609881969	-7.981524	1.0896279	1.4437568
1352609881989	-8.717023	0.8036005	2.1111538
1352609882010	-9.057531	0.40861043	2.6014864
1352609882031	-9.152874	-0.05448139	3.568531
1352609882051	-9.275456	-0.2860273	5.3527966
1352609882071	-9.152874	-0.35412905	6.7148314
1352609882094	-9.248216	-0.38136974	7.4503303
1352609882110	-9.493382	-0.5720546	6.9599977
1352609882130	-9.956474	-0.7082581	6.5922484
1352609882150	-9.888372	-0.50395286	5.911231
1352609882187	-9.384419	-0.14982383	4.9986677
1352609882227	-9.0983925	0.13620348	3.990762
1352609882228	-8.880466	0.24516626	3.2280223
1352609882232	-8.771504	0.16344418	2.73769
1352609882252	-8.635301	0.14982383	2.3426998
1352609882272	-8.022385	0.2860273	1.5118586
1352609882292	-7.43671	0.53119355	0.47671217
1352609882315	-6.973618	0.7627395	-0.12258313
1352609882334	-6.810174	0.8036005	-1.0215261
1352609882354	-6.67397	0.7491191	-1.8115063
1352609882373	-6.2517395	0.8036005	-2.7104492
1352609882394	-5.638824	1.1849703	-3.4187074
1352609882414	-5.1212506	1.3892754	-3.990762
1352609882433	-4.7262607	1.5390993	-4.9986677
1352609882454	-4.2904096	1.56634	-5.9248514
1352609882474	-4.195067	1.6889231	-6.374323
1352609882495	-3.445948	2.0294318	-7.641015
1352609882515	-2.9283748	2.1383946	-8.676162
1352609882536	-2.9556155	1.7706453	-9.057531
1352609882555	-2.7240696	1.5118586	-7.559293
1352609882576	-1.8659877	1.7025435	-6.932757
1352609882595	-0.8308412	2.0294318	-8.825985
1352609882616	-0.17706452	2.0975335	-10.514909
1352609882636	-0.47671217	1.8115063	-11.073342
1352609882657	-0.3677494	1.4437568	-8.322033
1352609882676	0.667397	1.5799603	-6.619489
1352609882697	1.8387469	1.7706453	-8.22669
1352609882719	2.3699405	1.7297841	-10.487668
1352609882738	2.383561	1.3892754	-11.495573
1352609882758	2.73769	1.334794	-10.705593
1352609882778	3.1599207	1.2803127	-10.283362
1352609882799	3.4595683	1.0896279	-10.855417
1352609882819	3.800077	0.9670447	-11.645397
1352609882839	4.099725	0.87170225	-11.3321295
1352609882860	4.4129925	0.9125633	-11.604536
1352609882882	4.7126403	0.89894295	-12.380896
1352609882901	5.1212506	1.0079057	-12.748646
1352609882921	5.134871	0.7354988	-14.028958
1352609882941	4.767122	0.55843425	-15.472715
1352609882961	5.0259085	0.8308412	-16.41252
1352609882990	5.47538	0.7354988	-17.2025
1352609883001	5.47538	0.87170225	-16.371658
1352609883021	5.1484914	1.0215261	-14.49205
1352609883041	4.944186	1.4165162	-12.612442
1352609883061	4.69902	1.7297841	-11.890564
1352609883097	4.508335	1.7978859	-11.645397
1352609883120	4.0452433	1.7161638	-11.604536
1352609883158	3.8136973	1.6480621	-11.34575
1352609883158	3.5549107	1.5527196	-10.705593
1352609883171	2.969236	1.293933	-10.106298
1352609883190	2.506144	0.89894295	-9.588725
1352609883210	1.9885708	0.8580819	-9.343558
1352609883230	1.7025435	0.8580819	-9.561484
1352609883250	1.3211738	0.7082581	-9.507003
1352609883270	0.7491191	0.667397	-8.934948
1352609883291	0.2860273	0.7082581	-8.349273
1352609883311	-0.29964766	0.8036005	-7.954283
1352609883331	-0.61291564	0.8308412	-7.872561
1352609883351	-1.0351465	0.9670447	-8.063246
1352609883371	-1.6753027	1.2394516	-8.21307
1352609883391	-2.192876	1.293933	-8.008764
1352609883412	-2.7921712	1.3211738	-7.1098213
1352609883433	-3.3097446	1.3892754	-6.8782754
1352609883455	-3.5412905	1.7297841	-7.1234417
1352609883473	-3.8681788	1.9340894	-7.6954966
1352609883493	-4.344891	1.9749504	-7.6546354
1352609883516	-4.807983	1.8932283	-7.205164
1352609883536	-5.243834	1.8387469	-6.67397
1352609883556	-5.3119354	1.920469	-6.782933
1352609883577	-5.706926	1.8659877	-6.7556925
1352609883597	-6.142777	1.6753027	-6.142777
1352609883617	-6.578628	1.7297841	-5.87037
1352609883637	-6.2789803	1.879608	-5.761407
1352609883659	-6.142777	1.9340894	-5.284695
1352609883678	-6.3198414	1.607201	-4.1814466
1352609883698	-6.891896	1.1849703	-2.315459
1352609883719	-7.7363577	0.95342433	-0.21792556
1352609883753	-7.995144	0.88532263	0.5720546
1352609883759	-8.362893	0.6946377	1.1713499
1352609883779	-8.771504	0.32688835	2.2473574
1352609883799	-9.261836	0.027240695	3.9771416
1352609883819	-9.697687	-0.20430522	5.829509
1352609883839	-9.929234	-0.51757324	7.3549876
1352609883885	-9.779409	-0.47671217	7.4911914
1352609883885	-9.697687	-0.27240697	6.238119
1352609883929	-9.670447	0.027240695	5.366417
1352609883930	-9.588725	0.19068487	4.5900574
1352609883943	-9.438901	0.29964766	3.7319753
1352609883964	-9.084772	0.43585113	2.8330324
1352609883985	-8.730643	0.4903325	2.083913
1352609884004	-8.512717	0.50395286	1.484618
1352609884024	-7.940663	0.55843425	0.47671217
1352609884044	-7.409469	0.667397	-0.8036005
1352609884064	-6.8782754	0.7491191	-1.920469
1352609884107	-6.2789803	0.7627395	-2.0975335
1352609884107	-5.7341666	0.61291564	-2.192876
1352609884126	-5.1076303	0.7082581	-2.2882185
1352609884148	-4.0452433	1.1168685	-3.091819
1352609884166	-3.2961242	1.4709976	-5.2302136
1352609884186	-2.6559677	1.607201	-7.709117
1352609884207	-2.587866	1.4437568	-8.812365
1352609884228	-2.73769	0.9942854	-7.4503303
1352609884247	-2.383561	0.7491191	-5.0259085
1352609884268	-0.89894295	1.1849703	-5.8976107
1352609884288	-0.89894295	1.5799603	-8.635301
1352609884308	0.25878662	1.4982382	-10.133538
1352609884329	0.27240697	1.4709976	-8.771504
1352609884350	1.8387469	2.2609777	-9.765789
1352609884369	1.8387469	2.192876	-11.75436
1352609884391	2.587866	2.3971813	-12.190211
1352609884409	2.7649305	2.3971813	-11.522814
1352609884430	2.982856	2.3018389	-10.869038
1352609884449	3.13268	2.2201166	-10.705593
1352609884470	3.255263	2.1247742	-10.909899
1352609884490	4.0861044	2.233737	-11.209546
1352609884510	4.6036777	2.4108016	-11.522814
1352609884532	4.862464	2.3563201	-11.781601
1352609884554	4.944186	2.2201166	-11.958665
1352609884572	4.8897047	2.152015	-12.476238
1352609884600	4.276789	3.759216	-11.75436
1352609884619	6.2108784	1.9340894	-15.540816
1352609884651	5.134871	1.920469	-15.322891
1352609884659	5.1893525	1.7161638	-12.571581
1352609884678	4.671779	1.6616824	-11.277648
1352609884698	4.385752	1.7297841	-11.032481
1352609884726	4.9578066	1.920469	-11.073342
1352609884741	4.6853995	2.083913	-10.664732
1352609884759	4.467474	1.96133	-10.664732
1352609884779	4.2223077	1.8659877	-10.9371395
1352609884800	4.1814466	1.7706453	-11.522814
1352609884822	4.1269655	1.920469	-12.094869
1352609884844	4.1814466	1.9885708	-12.285554
1352609884863	4.004382	1.8115063	-11.699879
1352609884882	3.7319753	1.879608	-11.141444
1352609884903	3.5140498	1.8659877	-10.882658
1352609884923	3.13268	1.8387469	-10.96438
1352609884943	2.669588	1.8932283	-11.141444
1352609884963	2.4516625	1.8932283	-11.059722
1352609884984	2.1247742	1.8387469	-9.80665
1352609885005	1.2803127	1.7706453	-8.757884
1352609885024	0.667397	1.7434045	-8.444615
1352609885044	0.19068487	1.7297841	-8.907707
1352609885065	-0.24516626	1.7434045	-9.575105
1352609885085	-0.8308412	1.525479	-8.825985
1352609885105	-1.5935807	1.5390993	-7.84532
1352609885126	-2.2745981	1.484618	-6.8374147
1352609885146	-2.8466527	1.484618	-6.3879433
1352609885166	-3.5140498	1.607201	-6.7965536
1352609885189	-3.7864566	1.6344417	-6.374323
1352609885209	-4.739881	1.56634	-5.570722
1352609885229	-5.3800373	1.3620348	-4.7943625
1352609885250	-5.5571017	1.5799603	-4.5219555
1352609885268	-5.7341666	1.7297841	-4.8216033
1352609885288	-6.0474343	1.5390993	-4.031623
1352609885309	-6.769313	1.334794	-2.6559677
1352609885329	-7.286886	1.1168685	-1.8523673
1352609885350	-7.4503303	1.0896279	-1.3756552
1352609885369	-7.43671	0.95342433	-1.3756552
1352609885390	-7.504812	0.7491191	-0.980665
1352609885411	-7.7227373	0.44947147	0.7627395
1352609885431	-8.349273	0.3405087	3.7047346
1352609885451	-8.676162	-0.040861044	4.508335
1352609885471	-8.934948	-0.08172209	4.8488436
1352609885492	-9.370799	-0.38136974	5.47538
1352609885512	-10.433187	-0.7354988	6.537767
1352609885532	-11.645397	-0.81722087	7.7908387
1352609885553	-10.651112	-0.21792556	7.0280995
1352609885580	-9.833891	0.55843425	5.8567495
1352609885592	-9.370799	1.253072	5.202973
1352609885625	-9.125633	1.5935807	4.2086873
1352609885640	-9.507003	1.7297841	3.1599207
1352609885660	-9.084772	1.7706453	1.8115063
1352609885685	-8.717023	1.7706453	1.3892754
1352609885727	-8.3765135	1.6753027	1.484618
1352609885727	-7.9679036	1.5935807	1.0079057
1352609885744	-7.5456724	1.3075534	0.095342435
1352609885764	-7.1098213	1.3075534	-0.6810174
1352609885784	-6.5241466	1.2258313	-1.3620348
1352609885804	-6.183638	1.2258313	-1.6480621
1352609885824	-5.47538	1.4573772	-2.4789033
1352609885844	-4.862464	1.5799603	-3.9499009
1352609885864	-4.630918	1.7570249	-5.175732
1352609885884	-4.0861044	1.7978859	-5.09401
1352609885905	-3.4731886	1.8115063	-5.597963
1352609885925	-2.6832085	1.8523673	-6.5922484
1352609885945	-2.070293	1.7978859	-7.954283
1352609885965	-1.6616824	1.8251266	-7.7363577
1352609885986	-1.0487667	1.5799603	-7.641015
1352609886008	-0.6401563	1.2258313	-8.512717
1352609886027	0.32688835	1.1985906	-9.125633
1352609886047	1.0896279	1.1304889	-9.316318
1352609886069	1.6480621	0.89894295	-9.057531
1352609886089	2.0566726	0.6401563	-9.193735
1352609886109	3.050958	0.40861043	-9.929234
1352609886129	3.9635212	0.47671217	-10.678352
1352609886149	4.426613	0.3949901	-11.086963
1352609886170	4.4538536	0.12258313	-10.55577
1352609886189	4.6172976	-0.14982383	-9.80665
1352609886210	5.053149	-0.3677494	-9.507003
1352609886233	5.5162406	-0.19068487	-9.643207
1352609886251	5.87037	-0.42223078	-9.684067
1352609886272	6.033814	-0.54481393	-10.433187
1352609886291	6.605869	-0.6401563	-11.100583
1352609886311	6.9599977	-0.7354988	-11.890564
1352609886331	6.769313	-1.1849703	-13.266219
1352609886351	7.1915436	-0.9670447	-13.130015
1352609886391	7.4639506	-0.40861043	-13.70207
1352609886392	7.668256	-0.2860273	-14.641873
1352609886412	7.1915436	-0.17706452	-14.505671
1352609886431	6.5922484	-0.313268	-13.6748295
1352609886451	6.0201936	-0.20430522	-12.435377
1352609886472	6.0882955	0.10896278	-11.795221
1352609886504	5.8976107	0.25878662	-11.645397
1352609886519	5.7477865	0.27240697	-11.318509
1352609886533	5.570722	0.42223078	-11.34575
1352609886587	5.2574544	0.32688835	-11.277648
1352609886587	4.7943625	0.2860273	-11.250407
1352609886597	4.385752	0.13620348	-11.127824
1352609886615	4.3176503	-0.027240695	-10.760075
1352609886636	4.031623	-0.013620348	-10.637491
1352609886664	3.6230125	0.027240695	-10.419566
1352609886680	3.336985	0.12258313	-10.160779
1352609886701	2.9147544	0.313268	-9.738548
1352609886721	2.4108016	0.313268	-8.989429
1352609886741	1.3756552	0.17706452	-8.253931
1352609886761	0.095342435	0.10896278	-7.8180795
1352609886781	-0.667397	0.27240697	-8.21307
1352609886802	-1.1304889	0.50395286	-9.043911
1352609886822	-1.484618	0.61291564	-9.425281
1352609886842	-2.002191	0.7491191	-8.894087
1352609886863	-3.1190596	0.7082581	-7.7363577
1352609886882	-3.8681788	0.87170225	-6.932757
1352609886902	-4.072484	1.2258313	-6.9599977
1352609886923	-4.4947147	1.4437568	-6.9872384
1352609886945	-4.3585114	1.4165162	-6.537767
1352609886964	-4.7126403	1.4437568	-5.5843425
1352609886984	-5.0803895	1.293933	-4.1269655
1352609887004	-5.2165933	1.293933	-2.3563201
1352609887025	-5.1484914	1.3211738	-0.9670447
1352609887046	-5.339176	1.253072	-0.38136974
1352609887065	-5.761407	0.95342433	0.7354988
1352609887085	-6.782933	0.6401563	2.0566726
1352609887108	-7.6546354	0.19068487	2.6423476
1352609887126	-8.403754	0.19068487	2.6151068
1352609887146	-8.771504	-0.095342435	2.4108016
1352609887166	-9.738548	-0.08172209	2.901134
1352609887187	-10.746454	-0.44947147	4.4129925
1352609887218	-11.182305	-0.44947147	5.09401
1352609887227	-11.127824	-0.14982383	5.448139
1352609887246	-10.96438	0.2860273	5.6660647
1352609887266	-10.800936	0.61291564	5.2574544
1352609887286	-11.018862	0.8036005	4.767122
1352609887306	-10.882658	1.0896279	4.031623
1352609887350	-10.174399	1.4709976	3.173541
1352609887393	-9.41166	1.5799603	2.7104492
1352609887394	-9.030291	1.6344417	2.7649305
1352609887394	-8.567199	1.6480621	2.4789033
1352609887409	-7.995144	1.6753027	1.4573772
1352609887429	-7.5865335	1.8659877	-0.3677494
1352609887449	-7.137062	1.6753027	-1.9068487
1352609887469	-7.04172	1.3756552	-1.8387469
1352609887491	-6.7556925	0.980665	-1.4573772
1352609887510	-6.1291566	0.9942854	-2.192876
1352609887530	-5.448139	1.0351465	-3.9499009
1352609887550	-4.862464	1.0896279	-5.3119354
1352609887571	-4.576437	0.89894295	-4.440233
1352609887591	-4.072484	0.6537767	-3.1599207
1352609887611	-3.091819	0.6810174	-3.568531
1352609887631	-1.5118586	1.1577295	-4.671779
1352609887652	-0.35412905	1.3075534	-6.619489
1352609887672	-0.027240695	0.9942854	-7.641015
1352609887692	-0.19068487	0.50395286	-8.090487
1352609887712	0.21792556	0.24516626	-9.220976
1352609887732	1.1168685	0.29964766	-10.446807
1352609887753	1.6616824	0.44947147	-10.59663
1352609887774	2.547005	0.2860273	-9.575105
1352609887794	2.8875136	0.027240695	-9.248216
1352609887814	3.255263	0.027240695	-9.942854
1352609887834	3.92266	0.38136974	-11.182305
1352609887854	4.630918	0.7627395	-11.999526
1352609887880	5.09401	0.7491191	-11.686258
1352609887897	4.8352237	0.42223078	-10.256122
1352609887916	5.053149	0.35412905	-10.119919
1352609887936	5.843129	0.50395286	-11.481953
1352609887956	6.2244987	0.5720546	-12.476238
1352609887976	6.197258	0.23154591	-12.4489975
1352609887998	5.952092	-0.313268	-12.367276
1352609888017	5.271075	-0.44947147	-12.639683
1352609888037	6.306221	-0.313268	-13.184497
1352609888065	6.66035	-0.313268	-14.151542
1352609888088	6.4832854	-0.013620348	-14.778077
1352609888097	6.26536	-0.12258313	-14.301365
1352609888117	6.183638	-0.21792556	-13.361561
1352609888138	5.7750273	-0.2860273	-12.735025
1352609888162	5.6933055	-0.08172209	-12.190211
1352609888177	5.7205462	0.08172209	-11.536434
1352609888197	5.1212506	0.14982383	-11.4410925
1352609888220	4.8488436	0.19068487	-11.563675
1352609888239	4.7943625	0.12258313	-11.699879
1352609888259	4.440233	0.12258313	-11.645397
1352609888281	4.1814466	-0.05448139	-11.250407
1352609888303	3.840938	-0.2860273	-11.032481
1352609888321	3.255263	-0.3405087	-11.182305
1352609888341	2.901134	-0.38136974	-11.372991
1352609888362	2.1383946	-0.14982383	-11.209546
1352609888382	1.7706453	-0.10896278	-10.024576
1352609888402	1.2803127	-0.13620348	-8.499097
1352609888422	0.667397	-0.21792556	-8.117727
1352609888442	0.10896278	-0.027240695	-8.3765135
1352609888463	-0.5720546	0.14982383	-8.785124
1352609888483	-1.3620348	0.32688835	-8.281172
1352609888503	-1.7978859	0.313268	-7.177923
1352609888524	-2.002191	0.29964766	-6.142777
1352609888544	-2.5742457	0.54481393	-6.2926006
1352609888564	-3.3097446	0.6401563	-7.246025
1352609888584	-4.0588636	0.7218784	-7.7363577
1352609888604	-4.4810944	0.667397	-7.0553403
1352609888625	-4.5219555	0.7627395	-6.3334618
1352609888645	-4.576437	0.89894295	-5.529861
1352609888664	-5.053149	0.7491191	-4.5491962
1352609888686	-5.6660647	0.46309182	-3.7319753
1352609888705	-6.4560447	0.50395286	-2.9964764
1352609888725	-6.891896	0.47671217	-1.8387469
1352609888746	-7.409469	0.35412905	-0.44947147
1352609888765	-7.763598	0.29964766	1.0351465
1352609888786	-8.417375	0.16344418	1.9340894
1352609888806	-9.234595	-0.05448139	2.3290794
1352609888829	-10.024576	-0.40861043	3.0645783
1352609888848	-9.956474	-0.626536	4.9986677
1352609888870	-9.738548	-0.3677494	6.3198414
1352609888892	-9.697687	-0.3677494	5.1212506
1352609888907	-9.765789	0.2860273	3.2007818
1352609888927	-9.861132	0.47671217	2.0975335
1352609888947	-10.065437	0.50395286	1.6889231
1352609888967	-9.888372	0.40861043	1.2803127
1352609888989	-9.602345	0.2860273	1.0215261
1352609889014	-9.370799	0.13620348	1.2803127
1352609889028	-9.071152	0.27240697	1.0351465
1352609889048	-8.444615	0.61291564	-0.24516626
1352609889068	-7.7363577	0.89894295	-1.7161638
1352609889088	-7.3822284	0.9670447	-2.0294318
1352609889110	-7.0553403	0.95342433	-1.7297841
1352609889129	-6.2926006	1.1577295	-2.6014864
1352609889150	-5.611583	1.5118586	-4.6036777
1352609889172	-4.9578066	1.5799603	-5.6252036
1352609889190	-4.440233	1.3892754	-4.576437
1352609889210	-3.7319753	1.3620348	-4.140586
1352609889232	-3.0237172	1.5118586	-5.6660647
1352609889255	-2.2882185	1.6616824	-7.8998017
1352609889273	-1.607201	1.6889231	-8.798744
1352609889293	-1.293933	1.5390993	-8.076866
1352609889314	-1.1032481	1.3211738	-7.1234417
1352609889334	-0.53119355	1.3756552	-7.7772183
1352609889354	0.61291564	1.7297841	-8.825985
1352609889375	1.0215261	1.7297841	-9.80665
1352609889395	1.525479	1.5799603	-9.343558
1352609889415	1.9340894	1.3484144	-8.185829
1352609889436	2.383561	1.1304889	-7.7908387
1352609889456	3.0645783	1.0896279	-8.253931
1352609889476	3.8954194	1.3211738	-9.289077
1352609889498	4.739881	1.4709976	-10.501288
1352609889517	5.0259085	1.4165162	-10.896278
1352609889537	5.366417	1.253072	-10.3242235
1352609889557	5.7477865	1.0351465	-10.61025
1352609889578	5.8158884	1.525479	-11.168685
1352609889598	6.578628	1.4573772	-12.026767
1352609889619	6.769313	1.7434045	-12.6669235
1352609889639	6.701211	1.7025435	-13.620348
1352609889660	5.992953	2.0294318	-13.960856
1352609889679	7.0553403	2.2201166	-14.805318
1352609889704	7.0280995	2.4108016	-14.927901
1352609889721	7.273266	2.4244218	-14.342226
1352609889739	6.66035	2.3563201	-13.0619135
1352609889759	6.3879433	2.233737	-12.054008
1352609889782	6.0610547	2.506144	-11.3321295
1352609889799	5.9793324	2.669588	-11.127824
1352609889820	5.706926	2.8330324	-10.882658
1352609889839	5.366417	2.8330324	-10.079058
1352609889859	4.903325	2.901134	-8.962189
1352609889880	4.508335	3.2007818	-7.9679036
1352609889900	4.099725	3.6502533	-7.995144
1352609889920	3.9090397	3.8681788	-8.526338
1352609889941	3.4323275	3.881799	-8.390134
1352609889961	2.7785509	3.7864566	-7.8998017
1352609889982	1.9885708	3.7728362	-7.504812
1352609890002	1.5118586	3.9090397	-7.641015
1352609890022	1.0079057	4.0452433	-8.117727
1352609890044	0.7627395	4.167826	-8.444615
1352609890063	0.25878662	4.031623	-8.471856
1352609890083	-0.40861043	3.800077	-8.281172
1352609890103	-1.0079057	3.6638734	-7.668256
1352609890124	-1.6208214	3.6502533	-7.504812
1352609890143	-1.8115063	3.8136973	-8.21307
1352609890164	-2.0158114	3.9499009	-8.757884
1352609890184	-2.465283	3.6638734	-8.471856
1352609890205	-3.1190596	3.2961242	-7.559293
1352609890225	-3.3778462	3.1871614	-7.1098213
1352609890245	-3.6093922	3.255263	-7.4503303
1352609890265	-3.92266	3.2280223	-7.9270425
1352609890287	-4.099725	3.0645783	-7.43671
1352609890306	-4.6853995	2.8602731	-6.4151835
1352609890326	-4.9986677	2.6559677	-5.611583
1352609890346	-5.1484914	2.7649305	-5.039529
1352609890367	-5.339176	2.6559677	-4.671779
1352609890386	-6.101916	2.3426998	-4.072484
1352609890408	-6.782933	1.96133	-2.9419951
1352609890428	-7.5320525	1.5118586	-2.383561
1352609890450	-7.9679036	1.4709976	-1.3211738
1352609890497	-7.749978	1.6753027	-0.7354988
1352609890508	-8.5944395	1.334794	1.253072
1352609890528	-9.2073555	0.8580819	2.6832085
1352609890548	-9.901993	0.44947147	3.568531
1352609890568	-10.365085	0.38136974	3.336985
1352609890588	-10.038197	0.5720546	2.669588
1352609890620	-9.861132	0.7218784	2.5606253
1352609890628	-9.833891	0.7354988	2.587866
1352609890648	-9.888372	0.7218784	2.3290794
1352609890670	-9.861132	0.7491191	1.4301366
1352609890690	-9.575105	0.7627395	0.47671217
1352609890710	-9.275456	0.8036005	0.05448139
1352609890730	-8.934948	0.8036005	-0.013620348
1352609890750	-8.676162	0.7082581	-0.06810174
1352609890773	-8.417375	0.7082581	-0.2860273
1352609890791	-7.7908387	0.95342433	-0.7354988
1352609890811	-7.096201	1.253072	-1.7434045
1352609890833	-6.5513873	1.334794	-2.2201166
1352609890851	-5.8976107	1.2803127	-1.4301366
1352609890872	-5.053149	1.2394516	-1.1304889
1352609890892	-3.881799	1.4165162	-2.2473574
1352609890912	-2.587866	1.7434045	-4.4810944
1352609890932	-1.6616824	1.6889231	-6.374323
1352609890953	-1.3756552	1.2803127	-5.679685
1352609890976	-0.667397	0.9942854	-4.9850473
1352609890996	0.8308412	1.1577295	-6.8374147
1352609891017	2.2473574	1.5118586	-9.520623
1352609891037	2.669588	1.4709976	-10.528529
1352609891057	2.7104492	0.9942854	-9.316318
1352609891078	3.3097446	0.6537767	-7.940663
1352609891099	4.3585114	0.8580819	-9.180115
1352609891118	5.6252036	1.3211738	-12.081248
1352609891138	6.3334618	1.4709976	-14.601013
1352609891158	5.597963	1.2803127	-13.538626
1352609891179	5.202973	0.7627395	-10.528529
1352609891199	5.1212506	0.6401563	-8.989429
1352609891220	5.8839903	0.7491191	-11.454713
1352609891242	6.605869	1.1849703	-11.155065
1352609891262	6.4424243	0.92618364	-10.651112
1352609891281	6.510526	0.6810174	-10.18802
1352609891301	6.6331096	0.84446156	-10.664732
1352609891321	7.327747	1.0623871	-12.843987
1352609891356	7.4503303	1.0896279	-14.87342
1352609891361	7.763598	0.9942854	-15.26841
1352609891387	7.8317	0.7491191	-13.947236
1352609891402	6.891896	0.5720546	-12.92571
1352609891421	6.6875906	0.7354988	-12.762266
1352609891441	6.605869	1.0623871	-13.538626
1352609891461	6.619489	1.3756552	-13.892755
1352609891482	7.1234417	1.484618	-13.252599
1352609891502	6.578628	1.2803127	-11.863323
1352609891522	5.6252036	1.1849703	-10.896278
1352609891542	5.1621118	1.253072	-11.032481
1352609891576	4.8760843	1.5390993	-11.522814
1352609891590	5.09401	1.484618	-10.814556
1352609891610	4.2086873	1.0623871	-9.030291
1352609891631	2.547005	0.8036005	-7.3958488
1352609891651	1.8387469	0.7218784	-7.246025
1352609891671	1.4165162	1.253072	-8.131348
1352609891691	1.1441092	1.5799603	-8.907707
1352609891711	0.6537767	1.1304889	-8.090487
1352609891732	-0.7627395	0.92618364	-5.911231
1352609891752	-1.7297841	1.2666923	-5.284695
1352609891780	-1.920469	1.8251266	-6.578628
1352609891800	-2.5606253	2.2473574	-8.240311
1352609891819	-2.9283748	2.192876	-8.362893
1352609891840	-3.6911142	2.1383946	-7.1234417
1352609891860	-4.195067	2.233737	-6.2789803
1352609891880	-4.344891	2.3971813	-6.374323
1352609891901	-4.69902	2.192876	-6.9191365
1352609891921	-5.066769	1.8523673	-6.374323
1352609891941	-5.47538	1.4028958	-3.1599207
1352609891961	-6.2789803	1.2394516	-2.3971813
1352609891983	-6.769313	1.1168685	-2.587866
1352609892005	-7.3005066	0.84446156	-2.3426998
1352609892023	-7.84532	0.44947147	-1.1441092
1352609892044	-8.825985	0.17706452	0.013620348
1352609892064	-9.575105	-0.06810174	0.4903325
1352609892084	-9.125633	0.20430522	1.7161638
1352609892110	-8.771504	0.53119355	2.315459
1352609892133	-9.343558	0.47671217	2.6832085
1352609892147	-9.956474	0.23154591	3.1054392
1352609892167	-10.487668	0.21792556	3.8273177
1352609892187	-10.147159	0.50395286	3.636633
1352609892223	-9.765789	0.8036005	3.1190596
1352609892227	-9.602345	0.92618364	2.6832085
1352609892248	-9.575105	0.92618364	2.7649305
1352609892268	-9.656827	0.95342433	2.8875136
1352609892288	-9.248216	1.0487667	2.0975335
1352609892308	-8.526338	1.253072	0.7218784
1352609892329	-8.253931	1.0623871	-0.7354988
1352609892349	-8.308413	0.6537767	-0.54481393
1352609892370	-7.5865335	0.50395286	0.13620348
1352609892390	-6.3334618	0.81722087	-0.3949901
1352609892412	-5.366417	1.3211738	-2.083913
1352609892430	-4.862464	1.607201	-4.1269655
1352609892451	-4.7126403	1.5799603	-5.47538
1352609892471	-4.385752	1.6753027	-5.2574544
1352609892491	-3.486809	1.8115063	-5.611583
1352609892511	-2.4516625	1.9885708	-6.9191365
1352609892531	-1.8659877	2.0294318	-8.512717
1352609892552	-1.5799603	1.7978859	-8.962189
1352609892572	-1.2666923	1.5799603	-7.709117
1352609892592	-0.7354988	1.5935807	-6.510526
1352609892614	0.095342435	1.9340894	-7.2596455
1352609892633	1.3620348	2.2473574	-9.166494
1352609892654	2.0294318	2.3971813	-10.501288
1352609892673	1.96133	2.0566726	-9.670447
1352609892701	1.920469	1.525479	-7.3958488
1352609892715	2.6968288	1.607201	-5.9248514
1352609892735	4.004382	2.1111538	-7.3549876
1352609892757	5.366417	2.6014864	-10.773695
1352609892775	6.0201936	2.3563201	-12.762266
1352609892795	5.611583	2.0566726	-11.073342
1352609892817	6.006573	1.5118586	-9.0983925
1352609892836	6.578628	1.5527196	-8.934948
1352609892856	7.286886	1.607201	-11.34575
1352609892876	7.246025	2.0975335	-13.034673
1352609892897	8.866846	2.192876	-13.402422
1352609892929	9.152874	2.192876	-13.497765
1352609892936	8.417375	2.0294318	-14.274124
1352609892956	8.131348	1.8387469	-14.587393
1352609892992	8.60806	1.7025435	-14.778077
1352609892997	8.267551	1.5390993	-14.301365
1352609893017	7.872561	1.5118586	-13.565866
1352609893038	7.7227373	1.5527196	-12.380896
1352609893057	7.504812	1.7297841	-11.413852
1352609893078	7.04172	1.7297841	-11.550055
1352609893098	6.6467295	1.8932283	-11.917805
1352609893119	6.605869	2.0158114	-12.054008
1352609893140	6.26536	2.2473574	-11.590916
1352609893161	5.952092	2.3971813	-10.419566
1352609893180	5.366417	2.465283	-9.479762
1352609893202	4.385752	2.587866	-8.676162
1352609893220	3.7047346	2.7785509	-8.390134
1352609893240	2.8057916	2.7785509	-8.022385
1352609893260	2.083913	2.8330324	-7.0280995
1352609893280	1.4982382	2.9556155	-6.238119
1352609893301	0.7082581	3.0373375	-5.761407
1352609893323	-0.3677494	2.9147544	-5.7341666
1352609893341	-1.253072	2.73769	-6.0201936
1352609893361	-1.920469	2.7785509	-5.992953
1352609893382	-2.383561	2.8330324	-6.101916
1352609893402	-2.8057916	3.0237172	-6.0882955
1352609893422	-2.9147544	3.091819	-6.3198414
1352609893442	-3.405087	3.0645783	-6.701211
1352609893462	-3.990762	2.8057916	-6.891896
1352609893483	-4.6445384	2.465283	-6.496906
1352609893503	-5.053149	2.233737	-6.0201936
1352609893523	-5.2165933	2.1656353	-5.638824
1352609893543	-5.638824	1.9477097	-5.5843425
1352609893563	-5.8976107	1.6753027	-5.47538
1352609893584	-7.668256	1.1849703	-1.6344417
1352609893606	-8.471856	0.53119355	-0.6401563
1352609893625	-8.989429	0.23154591	-0.14982383
1352609893649	-8.989429	0.7763598	0.7354988
1352609893665	-8.3765135	1.3892754	1.4165162
1352609893685	-8.921328	1.2258313	1.8387469
1352609893705	-10.814556	0.3405087	1.7434045
1352609893725	-11.264028	0.21792556	2.1792557
1352609893746	-10.800936	0.5720546	2.315459
1352609893770	-10.55577	0.8580819	2.506144
1352609893786	-10.256122	1.0215261	2.4925237
1352609893806	-10.119919	0.980665	2.315459
1352609893827	-9.929234	0.89894295	2.3018389
1352609893847	-9.643207	0.88532263	2.1792557
1352609893867	-8.948568	1.1849703	1.525479
1352609893887	-8.294792	1.2803127	-0.29964766
1352609893907	-7.913422	1.293933	-2.233737
1352609893929	-7.749978	1.1441092	-2.4789033
1352609893948	-7.273266	0.980665	-1.5390993
1352609893969	-6.3198414	0.92618364	-1.56634
1352609893990	-5.339176	0.7491191	-2.9556155
1352609894009	-4.671779	0.61291564	-4.508335
1352609894029	-4.1269655	0.32688835	-4.930566
1352609894049	-3.840938	-0.10896278	-3.636633
1352609894069	-2.8875136	-0.21792556	-2.73769
1352609894090	-1.2394516	0.21792556	-4.0861044
1352609894112	0.29964766	0.53119355	-7.164303
1352609894131	1.1441092	0.6537767	-9.820271
1352609894150	0.87170225	0.2860273	-9.41166
1352609894171	0.7218784	-0.32688835	-6.891896
1352609894191	1.6616824	-0.313268	-5.529861
1352609894211	3.5821514	0.44947147	-7.9270425
1352609894231	5.4208984	1.1441092	-11.836082
1352609894251	5.8839903	0.9125633	-14.451189
1352609894272	4.508335	0.38136974	-12.312795
1352609894292	3.7047346	-0.21792556	-8.730643
1352609894312	4.4129925	-0.13620348	-6.932757
1352609894334	5.706926	0.313268	-8.21307
1352609894353	6.701211	0.939804	-10.024576
1352609894374	7.3549876	0.939804	-10.800936
1352609894396	7.1915436	0.8580819	-10.051817
1352609894414	7.164303	0.5992953	-9.888372
1352609894434	7.477571	0.6810174	-10.54215
1352609894455	8.063246	1.3075534	-11.400231
1352609894475	9.370799	1.6344417	-12.92571
1352609894516	9.466142	1.5935807	-14.192402
1352609894516	9.193735	1.3620348	-14.709975
1352609894535	9.357179	1.3892754	-14.669114
1352609894555	9.248216	1.3892754	-14.723596
1352609894576	8.962189	1.253072	-14.2877445
1352609894604	8.866846	1.1577295	-13.565866
1352609894616	8.635301	1.0351465	-13.266219
1352609894636	8.117727	1.0760075	-12.966571
1352609894656	7.954283	1.1577295	-12.408136
1352609894676	7.8180795	1.3756552	-12.040387
1352609894697	7.4230895	1.334794	-11.699879
1352609894717	6.782933	0.9670447	-10.800936
1352609894737	6.4151835	0.84446156	-9.997335
1352609894757	5.5434813	0.87170225	-9.384419
1352609894778	4.576437	0.7899802	-8.62168
1352609894797	3.9771416	0.7082581	-7.4503303
1352609894817	2.9419951	0.55843425	-6.578628
1352609894839	1.8115063	0.47671217	-6.6875906
1352609894859	0.61291564	0.3949901	-7.246025
1352609894879	-0.14982383	0.47671217	-7.3141265
1352609894899	-0.939804	0.6401563	-6.8782754
1352609894922	-1.7297841	0.9125633	-5.802268
1352609894940	-2.5197644	0.9942854	-5.0259085
1352609894960	-3.5140498	0.9942854	-4.780742
1352609894982	-4.0588636	1.0760075	-5.1893525
1352609895001	-4.6853995	1.334794	-5.7750273
1352609895023	-5.1212506	1.334794	-5.3800373
1352609895043	-5.3119354	1.4028958	-4.0861044
1352609895063	-5.5434813	1.5390993	-2.3290794
1352609895083	-6.1563973	1.4165162	-1.7297841
1352609895104	-6.7965536	1.0760075	-1.7025435
1352609895124	-6.851035	0.81722087	-2.0566726
1352609895144	-7.164303	0.89894295	-1.7706453
1352609895164	-7.7227373	0.61291564	-0.23154591
1352609895185	-8.22669	0.43585113	1.4573772
1352609895205	-8.512717	0.20430522	2.3290794
1352609895225	-8.907707	-0.013620348	2.4380422
1352609895245	-9.438901	-0.2860273	2.8466527
1352609895265	-11.018862	-0.8308412	4.1542063
1352609895285	-12.735025	-1.5799603	5.2574544
1352609895305	-11.699879	-1.5118586	6.5650077
1352609895348	-10.446807	-0.53119355	5.938472
1352609895349	-10.038197	0.10896278	5.3119354
1352609895366	-10.024576	0.51757324	5.529861
1352609895386	-10.269742	0.54481393	4.739881
1352609895406	-9.248216	0.6401563	3.6230125
1352609895436	-8.798744	0.54481393	2.233737
1352609895478	-8.894087	0.313268	2.0975335
1352609895479	-8.689782	0.313268	2.152015
1352609895488	-7.804459	-0.040861044	1.96133
1352609895508	-6.9191365	-0.013620348	0.7627395
1352609895530	-6.5650077	-0.10896278	-0.81722087
1352609895549	-6.1563973	0.12258313	-2.3290794
1352609895570	-5.5434813	0.23154591	-3.7047346
1352609895592	-5.09401	0.29964766	-5.0803895
1352609895610	-4.535576	0.38136974	-5.5434813
1352609895630	-3.7864566	0.46309182	-5.1076303
1352609895650	-3.3914666	0.6401563	-5.87037
1352609895671	-2.7785509	0.6401563	-7.000859
1352609895691	-2.4789033	0.54481393	-7.3958488
1352609895716	-1.8115063	0.6401563	-6.1291566
1352609895731	-0.8580819	0.7627395	-5.3119354
1352609895752	0.16344418	1.1032481	-5.992953
1352609895772	1.0896279	1.3484144	-7.504812
1352609895792	1.7706453	1.5799603	-8.281172
1352609895812	2.3290794	1.3620348	-8.635301
1352609895833	2.8602731	0.9942854	-9.125633
1352609895854	3.1599207	0.980665	-8.7034025
1352609895873	3.800077	1.0487667	-7.84532
1352609895895	4.5900574	1.0896279	-8.022385
1352609895916	6.0201936	1.3620348	-9.193735
1352609895936	7.409469	1.607201	-11.127824
1352609895956	7.8998017	1.6344417	-12.14935
1352609895976	7.6954966	1.3620348	-12.162971
1352609895998	5.87037	1.3075534	-11.618156
1352609896017	7.3822284	1.1441092	-12.013146
1352609896049	8.5944395	1.8523673	-13.947236
1352609896056	8.948568	2.192876	-15.745122
1352609896077	9.220976	1.9885708	-15.6634
1352609896096	8.185829	1.7570249	-14.941522
1352609896117	7.43671	1.4437568	-13.865514
1352609896140	7.5865335	1.7434045	-13.225358
1352609896157	7.8998017	1.96133	-12.762266
1352609896177	7.286886	1.8659877	-12.408136
1352609896197	6.4832854	1.6753027	-12.054008
1352609896219	5.911231	1.7161638	-11.522814
1352609896238	5.5843425	1.8659877	-11.3321295
1352609896258	5.366417	1.96133	-11.195926
1352609896279	5.3800373	1.8659877	-11.34575
1352609896299	4.8488436	1.7978859	-11.168685
1352609896319	4.1542063	1.5390993	-10.664732
1352609896340	3.3097446	1.4165162	-10.310603
1352609896360	2.7649305	1.1713499	-10.20164
1352609896381	2.5742457	1.253072	-9.656827
1352609896400	2.3971813	1.3756552	-9.220976
1352609896420	1.2803127	1.1985906	-8.158588
1352609896441	-0.05448139	0.92618364	-6.891896
1352609896461	-0.89894295	0.95342433	-6.619489
1352609896481	-1.3620348	1.2122109	-6.7148314
1352609896501	-2.0430522	1.3484144	-6.578628
1352609896524	-2.6151068	1.4165162	-6.006573
1352609896542	-3.2416427	1.2258313	-5.09401
1352609896564	-4.235928	1.1577295	-4.535576
1352609896582	-4.9986677	1.1304889	-4.739881
1352609896603	-5.3119354	1.1577295	-5.175732
1352609896624	-5.965712	1.0896279	-5.407278
1352609896643	-6.4832854	1.1168685	-4.903325
1352609896663	-6.769313	1.1577295	-4.535576
1352609896683	-6.9599977	1.2394516	-4.4129925
1352609896704	-6.9872384	1.293933	-4.440233
1352609896724	-7.096201	1.3211738	-4.0588636
1352609896744	-7.286886	1.1304889	-3.13268
1352609896765	-7.4503303	0.95342433	-2.070293
1352609896787	-7.641015	0.7627395	-1.2258313
1352609896805	-7.872561	0.61291564	-0.58567494
1352609896826	-8.063246	0.19068487	0.3405087
1352609896846	-8.580819	-0.24516626	1.6753027
1352609896867	-9.329938	-0.6401563	2.8602731
1352609896887	-10.147159	-0.8036005	3.4187074
1352609896906	-10.58301	-0.8308412	3.636633
1352609896931	-10.133538	-0.6401563	3.6774938
1352609896955	-10.283362	-0.6401563	4.9986677
1352609896969	-10.174399	-0.50395286	5.012288
1352609896989	-10.065437	-0.20430522	4.5219555
1352609897009	-10.242501	-0.095342435	4.235928
1352609897066	-10.038197	-0.32688835	4.30403
1352609897067	-9.738548	-0.14982383	4.2495484
1352609897079	-9.057531	0.14982383	3.3778462
1352609897114	-8.417375	0.50395286	1.9885708
1352609897114	-7.8998017	0.6401563	0.50395286
1352609897132	-7.763598	0.46309182	0.05448139
1352609897152	-7.5456724	0.3405087	-0.10896278
1352609897172	-6.67397	0.47671217	-1.3211738
1352609897192	-5.8839903	0.6946377	-3.0645783
1352609897212	-5.1484914	0.7082581	-4.031623
1352609897233	-4.903325	0.40861043	-3.800077
1352609897253	-4.2086873	0.35412905	-4.0180025
1352609897272	-2.6423476	0.8580819	-5.434519
1352609897292	-1.8387469	0.95342433	-7.177923
1352609897312	-2.0294318	0.51757324	-7.4639506
1352609897333	-1.4437568	0.19068487	-7.0553403
1352609897353	-0.027240695	0.44947147	-7.7908387
1352609897374	1.0215261	1.3075534	-9.929234
1352609897394	1.3892754	1.6616824	-11.086963
1352609897414	1.2666923	1.3075534	-10.065437
1352609897435	1.3756552	1.0351465	-8.757884
1352609897455	1.8523673	1.3211738	-8.866846
1352609897475	2.506144	1.7978859	-9.39804
1352609897495	3.255263	2.1247742	-9.452521
1352609897516	3.9499009	2.192876	-9.234595
1352609897536	4.263169	2.0430522	-9.384419
1352609897556	4.5219555	1.9885708	-9.316318
1352609897578	4.9169455	1.8523673	-8.948568
1352609897599	5.407278	1.7025435	-9.289077
1352609897618	5.7750273	1.5118586	-10.746454
1352609897638	6.2789803	1.6208214	-11.74074
1352609897658	6.67397	1.7161638	-11.727119
1352609897679	6.578628	1.5935807	-10.9371395
1352609897699	6.428804	1.3756552	-10.256122
1352609897720	6.4015636	1.4301366	-9.724928
1352609897740	6.66035	1.293933	-9.970095
1352609897762	6.578628	1.4301366	-10.514909
1352609897780	6.115536	1.9749504	-10.092678
1352609897800	6.742072	1.9340894	-9.983715
1352609897832	6.5922484	1.9068487	-9.79303
1352609897841	6.4151835	1.9068487	-9.479762
1352609897860	6.2108784	1.879608	-9.248216
1352609897880	6.0201936	1.920469	-8.907707
1352609897900	5.7205462	1.8659877	-8.471856
1352609897920	5.5843425	1.6616824	-7.913422
1352609898036	5.3936577	1.5935807	-7.641015
1352609898036	5.284695	1.5118586	-7.5456724
1352609898068	5.012288	1.4437568	-7.409469
1352609898069	4.7535014	1.253072	-7.2596455
1352609898083	4.780742	1.2803127	-7.4911914
1352609898103	4.971427	1.3620348	-7.572913
1352609898123	4.903325	1.3075534	-7.5320525
1352609898144	4.7126403	1.2258313	-7.572913
1352609898163	4.7262607	1.2803127	-7.6273947
1352609898183	4.7943625	1.3892754	-7.5865335
1352609898203	4.8216033	1.484618	-7.7363577
1352609898223	4.8760843	1.6344417	-7.84532
1352609898243	4.930566	1.7161638	-7.804459
1352609898264	4.944186	1.7161638	-7.668256
1352609898285	4.944186	1.7025435	-7.804459
1352609898305	4.9578066	1.7025435	-7.981524
1352609898325	4.9578066	1.6208214	-8.090487
1352609898345	5.012288	1.5527196	-7.9270425
1352609898365	4.930566	1.4709976	-7.9679036
1352609898386	4.903325	1.56634	-8.063246
1352609898407	4.930566	1.6753027	-8.158588
1352609898426	5.012288	1.7706453	-8.022385
1352609898447	4.9986677	1.7434045	-7.8589406
1352609898466	4.930566	1.6344417	-7.8998017
1352609898487	4.862464	1.607201	-7.981524
1352609898507	4.903325	1.6616824	-8.022385
1352609898528	4.9986677	1.7706453	-7.872561
1352609898547	5.0259085	1.7434045	-7.804459
1352609898567	4.971427	1.7434045	-7.8317
1352609898588	4.903325	1.6889231	-7.8589406
1352609898608	4.7943625	1.607201	-7.8589406
1352609898628	4.8760843	1.5935807	-7.763598
1352609898648	4.9578066	1.607201	-7.981524
1352609898668	5.053149	1.6753027	-8.049625
1352609898690	4.9578066	1.6753027	-7.9679036
1352609898709	4.8760843	1.6889231	-7.763598
1352609898729	4.903325	1.6753027	-7.749978
1352609898749	4.9578066	1.7025435	-7.804459
1352609898770	4.9169455	1.6889231	-7.9270425
1352609898792	5.0259085	1.7297841	-7.8317
1352609898811	4.930566	1.7434045	-7.7908387
1352609898831	4.8897047	1.7978859	-7.763598
1352609898853	4.930566	1.7297841	-7.8589406
1352609898872	4.9578066	1.7842655	-7.913422
1352609898935	4.930566	1.8387469	-7.954283
1352609898956	4.9850473	1.8523673	-8.172209
1352609898975	5.039529	1.8659877	-8.131348
1352609898995	4.9986677	1.8251266	-8.090487
1352609899017	4.903325	1.7161638	-7.872561
1352609899039	4.8352237	1.7297841	-7.8861814
1352609899057	4.8488436	1.7978859	-8.022385
1352609899077	4.903325	1.8659877	-7.981524
1352609899097	4.903325	1.7434045	-7.913422
1352609899118	4.7943625	1.6344417	-7.763598
1352609899138	4.767122	1.5390993	-7.8180795
1352609899158	4.862464	1.6344417	-7.9270425
1352609899179	4.9578066	1.6480621	-8.022385
1352609899201	4.930566	1.6344417	-7.9270425
1352609899219	4.9578066	1.6753027	-7.84532
1352609899240	4.944186	1.7570249	-7.84532
1352609899260	4.971427	1.8659877	-7.7908387
1352609899281	5.0259085	1.8932283	-7.8998017
1352609899300	4.9578066	1.8251266	-8.008764
1352609899323	4.944186	1.8115063	-7.9270425
1352609899343	4.8488436	1.7706453	-7.872561
1352609899364	4.8488436	1.7297841	-7.8861814
1352609899382	4.8488436	1.7434045	-7.872561
1352609899402	4.8488436	1.7297841	-7.8317
1352609899422	4.930566	1.8115063	-7.9679036
1352609899443	4.930566	1.8523673	-8.076866
1352609899463	4.8897047	1.7978859	-7.995144
1352609899483	4.8897047	1.7570249	-7.8317
1352609899504	4.9169455	1.7842655	-7.8998017
1352609899526	4.944186	1.7842655	-8.022385
1352609899544	4.9578066	1.7297841	-7.995144
1352609899565	4.930566	1.7025435	-7.8589406
1352609899585	4.8897047	1.6753027	-7.804459
1352609899605	4.944186	1.6889231	-7.8317
1352609899625	4.9850473	1.7297841	-7.8180795
1352609899647	4.903325	1.7706453	-7.872561
1352609899667	4.903325	1.8251266	-7.954283
1352609899689	5.012288	1.7706453	-7.8317
1352609899707	4.9578066	1.7297841	-7.668256
1352609899727	4.9169455	1.6889231	-7.709117
1352609899747	4.862464	1.7025435	-7.8861814
1352609899768	4.9578066	1.7570249	-7.954283
1352609899788	4.971427	1.7978859	-7.9679036
1352609899808	5.012288	1.7978859	-7.913422
1352609899830	4.971427	1.7706453	-7.8180795
1352609899851	4.944186	1.7978859	-7.913422
1352609899869	4.9850473	1.7842655	-7.940663
1352609899889	4.9578066	1.7706453	-8.022385
1352609899910	4.930566	1.7434045	-8.036005
1352609899931	4.903325	1.7025435	-7.8998017
1352609899952	4.8897047	1.7025435	-7.8180795
1352609899970	4.9578066	1.7297841	-7.804459
1352609899992	4.9986677	1.7434045	-7.8589406
1352609900013	4.9169455	1.7297841	-7.940663
1352609900032	4.9578066	1.7161638	-7.995144
1352609900052	4.9578066	1.7978859	-7.9270425
1352609900072	5.012288	1.879608	-7.913422
1352609900093	4.9578066	1.7842655	-7.9679036
1352609900113	4.9578066	1.7842655	-8.172209
1352609900133	5.066769	1.879608	-8.390134
1352609900154	6.006573	2.315459	-10.160779
1352609900176	6.4424243	2.4108016	-10.9371395
1352609900194	6.374323	2.070293	-11.250407
1352609900214	6.3334618	1.8659877	-11.699879
1352609900235	6.6331096	2.152015	-11.672638
1352609900255	6.9872384	2.7921712	-11.536434
1352609900275	7.327747	3.5549107	-11.223166
1352609900295	7.2187843	3.7728362	-10.160779
1352609900319	6.9599977	4.0861044	-9.316318
1352609900339	6.66035	3.6093922	-8.676162
1352609900358	6.006573	3.1599207	-5.87037
1352609900378	5.298315	3.3097446	-3.5821514
1352609900398	4.113345	3.091819	-2.2201166
1352609900419	2.8330324	3.6093922	-0.38136974
1352609900439	2.506144	2.982856	0.87170225
1352609900459	1.1985906	2.6968288	2.7921712
1352609900479	-0.55843425	2.6423476	4.8897047
1352609900499	-2.0566726	3.1190596	7.1234417
1352609900519	-3.1463003	3.9362805	8.948568
1352609900540	-3.7047346	4.944186	10.174399
1352609900560	-4.1542063	6.101916	10.58301
1352609900581	-4.099725	6.932757	10.882658
1352609900600	-4.1269655	7.3958488	10.869038
1352609900621	-4.385752	7.246025	10.59663
1352609900643	-4.8352237	6.9599977	10.446807
1352609900664	-5.0259085	6.605869	10.228881
1352609900683	-4.6445384	6.374323	9.479762
1352609900703	-4.6036777	6.197258	8.390134
1352609900724	-4.6036777	6.4015636	6.605869
1352609900744	-3.7728362	6.4151835	4.930566
1352609900764	-2.669588	7.096201	4.031623
1352609900784	-1.8659877	7.2324047	3.5412905
1352609900804	-2.152015	7.246025	2.547005
1352609900826	-1.5118586	7.2596455	1.7706453
1352609900845	0.19068487	7.668256	2.2064962
1352609900865	1.4437568	8.008764	2.315459
1352609900885	2.383561	8.785124	2.587866
1352609900906	4.5219555	9.0983925	3.3642259
1352609900927	3.4187074	9.861132	4.3176503
1352609900948	2.901134	9.956474	6.4015636
1352609900967	3.840938	9.724928	7.1234417
1352609900990	2.1247742	9.125633	6.4560447
1352609901007	0.7627395	9.289077	6.347082
1352609901027	0.95342433	9.602345	5.09401
1352609901047	0.6401563	8.757884	4.7126403
1352609901068	0.6401563	8.090487	5.012288
1352609901088	0.95342433	8.104107	4.971427
1352609901108	0.980665	8.580819	4.6445384
1352609901129	1.2122109	8.771504	4.1269655
1352609901151	1.0896279	8.471856	3.7728362
1352609901169	0.9942854	8.117727	3.6774938
1352609901190	1.253072	7.954283	3.800077
1352609901210	1.0623871	8.19945	3.881799
1352609901231	0.8308412	8.7034025	3.2416427
1352609901252	0.6401563	9.152874	2.73769
1352609901271	0.44947147	9.261836	2.8057916
1352609901291	0.19068487	8.894087	3.0237172
1352609901314	0.40861043	8.349273	3.3778462
1352609901332	0.667397	7.8998017	4.0588636
1352609901352	0.667397	7.477571	5.243834
1352609901373	0.35412905	6.864655	6.4015636
1352609901393	0.027240695	6.605869	7.286886
1352609901414	-0.05448139	6.4151835	7.995144
1352609901433	-0.35412905	6.4151835	8.430995
1352609901453	-0.61291564	6.6331096	8.553578
1352609901474	-0.84446156	6.9191365	8.567199
1352609901494	-1.0215261	6.932757	8.267551
1352609901515	-1.0623871	7.137062	7.8317
1352609901536	-0.9670447	7.477571	7.3822284
1352609901556	-1.2122109	7.7363577	6.9191365
1352609901575	-1.3484144	7.9270425	6.4832854
1352609901595	-1.3620348	8.131348	6.26536
1352609901615	-1.4301366	8.076866	6.0610547
1352609901635	-1.4982382	8.172209	5.8976107
1352609901655	-1.607201	8.281172	5.6252036
1352609901676	-1.7161638	8.308413	5.284695
1352609901696	-1.7297841	8.403754	5.053149
1352609901716	-1.5390993	8.471856	4.9578066
1352609901736	-1.2803127	8.4854765	5.012288
1352609901757	-1.1032481	8.512717	4.903325
1352609901778	-0.9942854	8.580819	4.903325
1352609901797	-0.980665	8.635301	4.8352237
1352609901817	-0.89894295	8.60806	4.862464
1352609901887	-0.8036005	8.526338	4.8216033
1352609901909	-0.8036005	8.689782	4.739881
1352609901929	-0.88532263	8.730643	4.6445384
1352609901949	-0.9670447	8.730643	4.5628166
1352609901969	-1.1032481	8.798744	4.576437
1352609901989	-1.0215261	8.7034025	4.399372
1352609902010	-0.89894295	8.771504	4.276789
1352609902032	-0.84446156	8.962189	4.1269655
1352609902051	-0.92618364	8.989429	4.0588636
1352609902071	-1.0351465	8.962189	4.0861044
1352609902091	-1.0215261	8.866846	4.2223077
1352609902111	-0.84446156	8.771504	4.30403
1352609902131	-0.8580819	8.798744	4.2904096
1352609902151	-0.8580819	8.866846	4.2223077
1352609902172	-0.88532263	8.853226	4.1814466
1352609902192	-0.92618364	8.921328	4.1269655
1352609902214	-0.87170225	8.866846	4.1269655
1352609902233	-0.8580819	8.839605	4.195067
1352609902252	-0.89894295	8.921328	4.195067
1352609902273	-1.0079057	8.989429	4.1814466
1352609902293	-1.0623871	8.962189	4.1269655
1352609902313	-1.0351465	8.989429	4.0588636
1352609902335	-0.95342433	8.975809	4.0861044
1352609902355	-0.9670447	8.975809	4.140586
1352609902374	-1.0215261	9.00305	4.140586
1352609902394	-0.95342433	8.989429	4.1814466
1352609902415	-0.939804	8.962189	4.072484
1352609902434	-0.9670447	8.934948	4.0588636
1352609902454	-0.9670447	8.948568	3.9635212
1352609902475	-0.9942854	8.975809	3.9635212
1352609902495	-1.0623871	9.071152	4.004382
1352609902516	-1.0623871	9.084772	3.9771416
1352609902538	-0.95342433	8.962189	3.9635212
1352609902558	-0.89894295	8.948568	3.9499009
1352609902577	-0.92618364	8.975809	3.9499009
1352609902596	-0.9670447	9.030291	3.990762
1352609902617	-1.0215261	9.125633	4.167826
1352609902638	-0.7763598	8.648921	3.8681788
1352609902659	-0.87170225	8.744264	2.901134
1352609902679	-1.1849703	9.152874	3.5957718
1352609902699	-1.253072	9.071152	3.7319753
1352609902719	-1.2122109	9.084772	3.7455957
1352609902741	-1.1304889	9.0983925	3.8273177
1352609902761	-1.1849703	9.152874	3.9635212
1352609902781	-1.2394516	9.125633	4.0452433
1352609902800	-1.3211738	8.948568	4.1269655
1352609902820	-1.2394516	8.866846	4.0861044
1352609902842	-1.1713499	8.866846	4.140586
1352609902861	-1.1713499	8.962189	4.276789
1352609902881	-1.2122109	9.030291	4.2086873
1352609902901	-1.2258313	8.866846	4.3176503
1352609902922	-1.3484144	8.853226	4.3176503
1352609902942	-1.2394516	8.798744	4.3176503
1352609902962	-1.0623871	8.812365	4.276789
1352609902982	-0.89894295	8.839605	4.195067
1352609903002	-0.7491191	8.785124	4.1814466
1352609903024	-0.6401563	8.62168	4.2223077
1352609903043	-0.4903325	8.60806	4.344891
1352609903063	-0.3949901	8.635301	4.385752
1352609903083	-0.38136974	8.662541	4.30403
1352609903104	-0.43585113	8.730643	4.385752
1352609903137	-0.44947147	8.730643	4.426613
1352609903155	-0.47671217	8.635301	4.467474
1352609903175	-0.50395286	8.60806	4.4538536
1352609903195	-0.47671217	8.567199	4.4129925
1352609903215	-0.43585113	8.662541	4.4129925
1352609903236	-0.47671217	8.676162	4.4129925
1352609903256	-0.61291564	8.771504	4.426613
1352609903276	-0.7354988	8.798744	4.4810944
1352609903296	-0.81722087	8.812365	4.4810944
1352609903316	-0.7627395	8.757884	4.4538536
1352609903337	-0.8036005	8.717023	4.385752
1352609903357	-0.89894295	8.771504	4.344891
1352609903377	-1.0215261	8.825985	4.2904096
1352609903397	-1.0760075	8.866846	4.235928
1352609903417	-1.1441092	8.975809	4.2904096
1352609903438	-1.1441092	9.01667	4.2495484
1352609903458	-1.1304889	9.01667	4.1269655
1352609903478	-1.0896279	9.030291	4.0588636
1352609903499	-1.0623871	9.030291	3.990762
1352609903518	-1.0896279	9.030291	3.990762
1352609903541	-0.92618364	9.00305	4.072484
1352609903561	-0.9670447	9.030291	3.9362805
1352609903579	-0.9670447	9.01667	3.9499009
1352609903599	-0.9670447	9.043911	3.990762
1352609903620	-0.88532263	9.084772	3.9362805
1352609903640	-0.87170225	9.084772	3.9090397
1352609903661	-0.88532263	9.030291	3.8273177
1352609903680	-0.84446156	9.057531	3.718355
1352609903700	-0.8308412	9.057531	3.6774938
1352609903721	-0.88532263	9.112013	3.7319753
1352609903743	-0.92618364	9.084772	3.7455957
1352609903762	-0.980665	9.071152	3.7864566
1352609903781	-0.9125633	9.084772	3.7864566
1352609903802	-0.92618364	9.112013	3.6911142
1352609903822	-0.92618364	9.166494	3.6230125
1352609903843	-0.87170225	9.125633	3.6093922
1352609903863	-0.88532263	9.084772	3.6502533
1352609903882	-0.95342433	9.057531	3.6911142
1352609903903	-0.88532263	9.071152	3.6093922
1352609903924	-0.84446156	9.125633	3.6093922
1352609903944	-0.88532263	9.193735	3.568531
1352609903963	-0.84446156	9.180115	3.5412905
1352609903984	-0.8308412	9.084772	3.5957718
1352609904004	-0.8580819	9.084772	3.6093922
1352609904026	-0.9125633	9.0983925	3.6502533
1352609904046	-0.939804	9.112013	3.636633
1352609904064	-0.9125633	9.0983925	3.5412905
1352609904085	-0.89894295	9.125633	3.5140498
1352609904105	-0.8036005	9.139254	3.5004294
1352609904125	-0.9670447	8.4854765	1.6889231
1352609904146	-1.1441092	9.220976	2.2745981
1352609904165	-1.1168685	9.2073555	2.8602731
1352609904186	-1.0215261	9.084772	3.3778462
1352609904222	-0.92618364	9.00305	3.5412905
1352609904226	-0.939804	8.934948	3.6093922
1352609904246	-0.84446156	8.962189	3.5140498
1352609904266	-0.92618364	9.084772	3.3642259
1352609904287	-1.1168685	9.261836	3.3778462
